{"stats":{"minecraft:picked_up":{"minecraft:stick":1,"minecraft:melon_slice":77},"minecraft:mined":{"minecraft:grass":2,"minecraft:melon":14,"minecraft:dead_bush":1,"minecraft:fern":2},"minecraft:used":{"minecraft:melon_slice":5},"minecraft:custom":{"minecraft:jump":495,"minecraft:time_since_rest":11317,"minecraft:crouch_one_cm":3139,"minecraft:sprint_one_cm":31581,"minecraft:play_time":11317,"minecraft:damage_taken":30,"minecraft:time_since_death":11317,"minecraft:walk_one_cm":58930,"minecraft:sneak_time":765,"minecraft:climb_one_cm":84,"minecraft:total_world_time":11317,"minecraft:fall_one_cm":13582,"minecraft:fly_one_cm":118057}},"DataVersion":3465}