{"stats":{"minecraft:broken":{"minecraft:stone_axe":1},"minecraft:used":{"minecraft:stone_pickaxe":88,"minecraft:oak_planks":6,"minecraft:wooden_pickaxe":10,"minecraft:shield":10,"minecraft:iron_chestplate":1,"minecraft:oak_door":19,"minecraft:torch":43,"minecraft:crafting_table":5,"minecraft:granite":1,"minecraft:melon_slice":52,"minecraft:iron_pickaxe":121,"minecraft:stone_axe":188,"minecraft:cobblestone":26,"minecraft:furnace":1,"minecraft:andesite":3},"minecraft:dropped":{"minecraft:stone_axe":1,"minecraft:moss_carpet":17,"minecraft:moss_block":2,"minecraft:wheat_seeds":4,"minecraft:azalea":4,"minecraft:jungle_sapling":1,"minecraft:flowering_azalea":1,"minecraft:arrow":2,"minecraft:stone_pickaxe":1,"minecraft:wooden_pickaxe":1},"minecraft:custom":{"minecraft:interact_with_furnace":10,"minecraft:mob_kills":9,"minecraft:interact_with_crafting_table":11,"minecraft:leave_game":2,"minecraft:time_since_death":72448,"minecraft:climb_one_cm":308,"minecraft:time_since_rest":72478,"minecraft:sprint_one_cm":105983,"minecraft:damage_taken":851,"minecraft:walk_one_cm":156492,"minecraft:damage_blocked_by_shield":300,"minecraft:drop":13,"minecraft:damage_dealt":2200,"minecraft:swim_one_cm":181453,"minecraft:fly_one_cm":284348,"minecraft:crouch_one_cm":20179,"minecraft:play_time":92731,"minecraft:deaths":1,"minecraft:sneak_time":12483,"minecraft:walk_under_water_one_cm":55562,"minecraft:jump":1498,"minecraft:walk_on_water_one_cm":39271,"minecraft:total_world_time":92731,"minecraft:fall_one_cm":38044},"minecraft:picked_up":{"minecraft:crafting_table":3,"minecraft:feather":10,"minecraft:andesite":3,"minecraft:jungle_log":125,"minecraft:leather":13,"minecraft:oak_log":10,"minecraft:lapis_lazuli":13,"minecraft:dirt":2,"minecraft:moss_carpet":17,"minecraft:bone":3,"minecraft:wheat_seeds":4,"mysticalagriculture:inferium_essence":1,"minecraft:azalea":4,"minecraft:jungle_sapling":1,"minecraft:melon_slice":141,"minecraft:moss_block":2,"minecraft:oak_planks":16,"minecraft:flowering_azalea":1,"minecraft:stick":5,"minecraft:raw_iron":67,"thermal:blitz_rod":1,"minecraft:oak_door":17,"patchouli:guide_book":2,"minecraft:torch":10,"minecraft:gravel":15,"minecraft:light_gray_terracotta":10,"minecraft:arrow":2,"minecraft:granite":1,"minecraft:coal":78,"minecraft:cobblestone":64},"minecraft:killed":{"iceandfire:hippogryph":2,"minecraft:skeleton":4,"minecraft:drowned":1,"thermal:blitz":2},"minecraft:mined":{"minecraft:oak_door":17,"minecraft:jungle_leaves":6,"minecraft:crafting_table":3,"minecraft:torch":3,"minecraft:granite":1,"minecraft:grass_block":2,"minecraft:melon":14,"minecraft:jungle_log":125,"minecraft:dead_bush":1,"minecraft:cobblestone":3,"minecraft:lapis_ore":2,"minecraft:moss_block":1,"minecraft:iron_ore":67,"minecraft:andesite":3,"minecraft:grass":5,"minecraft:oak_log":10,"minecraft:coal_ore":80,"minecraft:vine":4,"minecraft:gravel":7,"minecraft:stone":61,"minecraft:oak_leaves":2,"minecraft:fern":2},"minecraft:crafted":{"minecraft:oak_door":3,"minecraft:oak_planks":40,"minecraft:crafting_table":2,"minecraft:wooden_pickaxe":1,"minecraft:iron_helmet":1,"minecraft:furnace":1,"minecraft:stone_axe":2,"minecraft:air":0,"minecraft:jungle_planks":12,"minecraft:iron_boots":1,"minecraft:iron_chestplate":1,"minecraft:shield":1,"minecraft:iron_axe":1,"minecraft:stick":48,"minecraft:iron_ingot":67,"minecraft:iron_pickaxe":1,"minecraft:stone_pickaxe":1,"minecraft:iron_leggings":1,"minecraft:torch":72},"minecraft:killed_by":{"thermal:blitz":1}},"DataVersion":3465}