{"stats":{"minecraft:custom":{"minecraft:interact_with_furnace":18,"minecraft:mob_kills":14,"minecraft:interact_with_crafting_table":15,"minecraft:leave_game":4,"minecraft:time_since_death":109584,"minecraft:climb_one_cm":1148,"minecraft:time_since_rest":109614,"minecraft:sprint_one_cm":142044,"minecraft:damage_taken":1097,"minecraft:walk_one_cm":236979,"minecraft:damage_blocked_by_shield":300,"minecraft:drop":14,"minecraft:damage_dealt":3511,"minecraft:swim_one_cm":200231,"minecraft:fly_one_cm":383597,"minecraft:play_time":129867,"minecraft:crouch_one_cm":23972,"minecraft:sneak_time":13998,"minecraft:deaths":1,"minecraft:walk_under_water_one_cm":61221,"minecraft:jump":2234,"minecraft:walk_on_water_one_cm":40629,"minecraft:total_world_time":129867,"minecraft:fall_one_cm":55352},"minecraft:crafted":{"minecraft:coal_block":25,"minecraft:oak_door":3,"minecraft:oak_planks":40,"minecraft:crafting_table":4,"minecraft:wooden_pickaxe":1,"minecraft:iron_helmet":1,"minecraft:furnace":3,"minecraft:stone_axe":2,"minecraft:air":0,"minecraft:jungle_planks":44,"minecraft:iron_boots":1,"minecraft:iron_chestplate":1,"minecraft:shield":1,"minecraft:iron_axe":1,"minecraft:stick":48,"minecraft:iron_ingot":67,"minecraft:iron_pickaxe":4,"minecraft:stone_pickaxe":1,"minecraft:iron_leggings":1,"minecraft:torch":72},"minecraft:mined":{"mekanism:osmium_ore":78,"minecraft:oak_door":19,"minecraft:jungle_leaves":6,"minecraft:crafting_table":4,"minecraft:torch":3,"minecraft:granite":1,"minecraft:emerald_ore":10,"minecraft:grass_block":2,"minecraft:melon":16,"minecraft:jungle_log":125,"minecraft:dead_bush":1,"minecraft:cobblestone":5,"minecraft:lapis_ore":2,"minecraft:moss_block":1,"minecraft:furnace":2,"minecraft:iron_ore":162,"minecraft:andesite":3,"alltheores:tin_ore":18,"minecraft:grass":5,"minecraft:oak_log":10,"minecraft:coal_ore":383,"minecraft:vine":4,"minecraft:gravel":7,"minecraft:dirt":1,"minecraft:stone":206,"minecraft:oak_leaves":2,"minecraft:fern":2},"minecraft:picked_up":{"minecraft:crafting_table":4,"minecraft:feather":12,"minecraft:andesite":3,"minecraft:jungle_log":125,"minecraft:leather":17,"minecraft:oak_log":10,"minecraft:lapis_lazuli":13,"minecraft:dirt":3,"minecraft:moss_carpet":17,"minecraft:bone":3,"alltheores:raw_tin":18,"minecraft:wheat_seeds":4,"mysticalagriculture:inferium_essence":2,"minecraft:iron_ingot":32,"minecraft:jungle_sapling":1,"minecraft:azalea":4,"minecraft:melon_slice":151,"minecraft:moss_block":2,"minecraft:oak_planks":16,"minecraft:flowering_azalea":1,"minecraft:furnace":2,"minecraft:stick":5,"minecraft:raw_iron":162,"thermal:blitz_rod":1,"minecraft:oak_door":19,"patchouli:guide_book":2,"minecraft:torch":10,"minecraft:gravel":15,"minecraft:porkchop":3,"mekanism:raw_osmium":78,"minecraft:light_gray_terracotta":10,"minecraft:arrow":2,"minecraft:rotten_flesh":1,"minecraft:granite":1,"minecraft:emerald":10,"minecraft:coal":402,"minecraft:cobblestone":211},"minecraft:used":{"minecraft:stone_pickaxe":88,"minecraft:oak_planks":6,"minecraft:wooden_pickaxe":10,"minecraft:shield":10,"minecraft:oak_door":20,"minecraft:iron_chestplate":1,"minecraft:torch":46,"minecraft:crafting_table":7,"minecraft:granite":1,"minecraft:iron_axe":19,"minecraft:melon_slice":81,"minecraft:iron_pickaxe":775,"minecraft:stone_axe":188,"minecraft:cobblestone":35,"minecraft:furnace":3,"minecraft:andesite":3},"minecraft:killed":{"iceandfire:hippogryph":4,"thermal:basalz":1,"minecraft:pig":1,"minecraft:skeleton":4,"minecraft:zombie":1,"minecraft:drowned":1,"thermal:blitz":2},"minecraft:killed_by":{"thermal:blitz":1},"minecraft:broken":{"minecraft:stone_axe":1,"minecraft:iron_pickaxe":3},"minecraft:dropped":{"minecraft:moss_carpet":17,"minecraft:stone_axe":1,"minecraft:moss_block":2,"minecraft:wheat_seeds":4,"minecraft:dirt":3,"minecraft:azalea":4,"minecraft:jungle_sapling":1,"minecraft:flowering_azalea":1,"minecraft:arrow":2,"minecraft:wooden_pickaxe":1,"minecraft:stone_pickaxe":1}},"DataVersion":3465}