{"stats":{"minecraft:broken":{"minecraft:stone_axe":1},"minecraft:used":{"minecraft:stone_pickaxe":88,"minecraft:oak_planks":6,"minecraft:wooden_pickaxe":10,"minecraft:shield":10,"minecraft:iron_chestplate":1,"minecraft:oak_door":18,"minecraft:torch":37,"minecraft:crafting_table":5,"minecraft:granite":1,"minecraft:melon_slice":45,"minecraft:iron_pickaxe":54,"minecraft:stone_axe":180,"minecraft:cobblestone":11,"minecraft:furnace":1},"minecraft:dropped":{"minecraft:moss_carpet":8,"minecraft:moss_block":1,"minecraft:azalea":2,"minecraft:wooden_pickaxe":1},"minecraft:custom":{"minecraft:interact_with_furnace":5,"minecraft:mob_kills":6,"minecraft:interact_with_crafting_table":7,"minecraft:leave_game":1,"minecraft:time_since_death":55466,"minecraft:climb_one_cm":308,"minecraft:time_since_rest":55496,"minecraft:sprint_one_cm":89102,"minecraft:damage_taken":765,"minecraft:walk_one_cm":138566,"minecraft:damage_blocked_by_shield":300,"minecraft:drop":4,"minecraft:damage_dealt":1739,"minecraft:swim_one_cm":126193,"minecraft:fly_one_cm":247690,"minecraft:crouch_one_cm":15175,"minecraft:play_time":75749,"minecraft:deaths":1,"minecraft:sneak_time":9998,"minecraft:walk_under_water_one_cm":45022,"minecraft:jump":1279,"minecraft:walk_on_water_one_cm":30876,"minecraft:total_world_time":75749,"minecraft:fall_one_cm":33280},"minecraft:picked_up":{"minecraft:crafting_table":3,"minecraft:feather":10,"minecraft:jungle_log":125,"minecraft:leather":13,"minecraft:oak_log":10,"minecraft:moss_carpet":8,"minecraft:bone":3,"minecraft:wheat_seeds":4,"mysticalagriculture:inferium_essence":1,"minecraft:azalea":2,"minecraft:jungle_sapling":1,"minecraft:melon_slice":141,"minecraft:moss_block":1,"minecraft:oak_planks":16,"minecraft:flowering_azalea":1,"minecraft:stick":5,"minecraft:raw_iron":34,"minecraft:oak_door":15,"patchouli:guide_book":2,"minecraft:torch":9,"minecraft:gravel":15,"minecraft:light_gray_terracotta":10,"minecraft:arrow":2,"minecraft:granite":1,"minecraft:coal":63,"minecraft:cobblestone":52},"minecraft:killed":{"iceandfire:hippogryph":2,"minecraft:skeleton":4},"minecraft:mined":{"minecraft:oak_door":15,"minecraft:jungle_leaves":6,"minecraft:crafting_table":3,"minecraft:torch":3,"minecraft:granite":1,"minecraft:melon":14,"minecraft:jungle_log":125,"minecraft:dead_bush":1,"minecraft:cobblestone":1,"minecraft:moss_block":1,"minecraft:iron_ore":34,"minecraft:grass":5,"minecraft:oak_log":10,"minecraft:coal_ore":63,"minecraft:vine":4,"minecraft:gravel":7,"minecraft:stone":51,"minecraft:oak_leaves":2,"minecraft:fern":2},"minecraft:crafted":{"minecraft:oak_door":3,"minecraft:oak_planks":40,"minecraft:crafting_table":2,"minecraft:wooden_pickaxe":1,"minecraft:furnace":1,"minecraft:stone_axe":2,"minecraft:air":0,"minecraft:iron_chestplate":1,"minecraft:shield":1,"minecraft:stick":24,"minecraft:iron_ingot":16,"minecraft:iron_pickaxe":1,"minecraft:stone_pickaxe":1,"minecraft:torch":72},"minecraft:killed_by":{"thermal:blitz":1}},"DataVersion":3465}