{"stats":{"minecraft:broken":{"minecraft:stone_axe":1,"minecraft:iron_pickaxe":3},"minecraft:used":{"biomesoplenty:redwood_planks":4,"minecraft:stone_pickaxe":88,"minecraft:oak_planks":6,"minecraft:wooden_pickaxe":10,"minecraft:shield":12,"minecraft:oak_door":20,"minecraft:iron_chestplate":1,"minecraft:torch":46,"minecraft:dirt":15,"minecraft:crafting_table":8,"minecraft:granite":1,"minecraft:iron_axe":94,"minecraft:melon_slice":87,"minecraft:iron_pickaxe":783,"minecraft:stone_axe":188,"minecraft:cobblestone":36,"minecraft:furnace":5,"minecraft:andesite":3,"minecraft:cooked_beef":7},"minecraft:dropped":{"minecraft:moss_carpet":17,"minecraft:stone_axe":1,"minecraft:moss_block":2,"minecraft:wheat_seeds":4,"minecraft:dirt":3,"minecraft:azalea":4,"minecraft:jungle_sapling":1,"minecraft:flowering_azalea":1,"minecraft:arrow":2,"minecraft:wooden_pickaxe":1,"minecraft:stone_pickaxe":1},"minecraft:custom":{"minecraft:interact_with_furnace":24,"minecraft:mob_kills":49,"minecraft:interact_with_crafting_table":17,"minecraft:leave_game":4,"minecraft:time_since_death":157498,"minecraft:damage_resisted":0,"minecraft:climb_one_cm":1148,"minecraft:time_since_rest":157528,"minecraft:sprint_one_cm":224512,"minecraft:damage_taken":1673,"minecraft:walk_one_cm":324860,"minecraft:damage_blocked_by_shield":360,"minecraft:drop":14,"minecraft:damage_dealt":8511,"minecraft:talked_to_villager":1,"minecraft:swim_one_cm":200231,"minecraft:fly_one_cm":544192,"minecraft:open_chest":1,"minecraft:play_time":177781,"minecraft:crouch_one_cm":24813,"minecraft:sneak_time":14255,"minecraft:deaths":1,"minecraft:walk_under_water_one_cm":61221,"minecraft:jump":3089,"minecraft:walk_on_water_one_cm":41220,"minecraft:total_world_time":177781,"minecraft:fall_one_cm":86798},"minecraft:picked_up":{"minecraft:crafting_table":5,"minecraft:feather":12,"minecraft:andesite":3,"minecraft:jungle_log":125,"minecraft:leather":23,"minecraft:oak_log":10,"minecraft:gunpowder":2,"minecraft:string":3,"minecraft:lapis_lazuli":13,"minecraft:dirt":33,"minecraft:moss_carpet":17,"minecraft:bone":9,"alltheores:raw_tin":18,"minecraft:wheat_seeds":8,"mysticalagriculture:inferium_essence":6,"minecraft:beef":21,"minecraft:iron_ingot":32,"minecraft:jungle_sapling":1,"minecraft:azalea":4,"biomesoplenty:redwood_wood":1,"minecraft:melon_slice":151,"minecraft:moss_block":2,"minecraft:oak_planks":16,"minecraft:flowering_azalea":1,"minecraft:furnace":4,"apotheosis:gem":1,"minecraft:stick":5,"minecraft:raw_iron":168,"thermal:blitz_rod":2,"minecraft:oak_door":19,"patchouli:guide_book":2,"minecraft:torch":10,"minecraft:gravel":15,"minecraft:porkchop":19,"farmersdelight:tomato_seeds":1,"mekanism:raw_osmium":78,"minecraft:spider_eye":1,"minecraft:light_gray_terracotta":10,"minecraft:arrow":7,"minecraft:rotten_flesh":6,"minecraft:granite":1,"minecraft:emerald":10,"minecraft:coal":421,"minecraft:white_wool":52,"minecraft:cobblestone":212},"minecraft:killed":{"iceandfire:hippogryph":4,"thermal:basalz":1,"minecraft:pig":9,"minecraft:spider":3,"minecraft:creeper":2,"minecraft:skeleton":7,"minecraft:zombie":9,"minecraft:drowned":1,"thermal:blitz":4,"minecraft:cow":8},"minecraft:mined":{"mekanism:osmium_ore":78,"minecraft:oak_door":19,"minecraft:jungle_leaves":6,"minecraft:crafting_table":5,"minecraft:torch":3,"minecraft:granite":1,"biomesoplenty:bush":2,"minecraft:emerald_ore":10,"minecraft:grass_block":2,"minecraft:melon":16,"minecraft:jungle_log":125,"minecraft:dead_bush":1,"biomesoplenty:flowering_oak_leaves":1,"minecraft:tall_grass":2,"minecraft:cobblestone":5,"farmersdelight:wild_tomatoes":1,"minecraft:lapis_ore":2,"minecraft:moss_block":1,"minecraft:furnace":4,"minecraft:iron_ore":168,"minecraft:andesite":3,"alltheores:tin_ore":18,"biomesoplenty:clover":1,"minecraft:grass":15,"minecraft:oak_log":10,"minecraft:coal_ore":383,"minecraft:vine":4,"minecraft:gravel":7,"minecraft:dirt":5,"minecraft:stone":206,"biomesoplenty:redwood_wood":1,"minecraft:oak_leaves":2,"minecraft:fern":2},"minecraft:crafted":{"minecraft:cooked_beef":12,"minecraft:coal_block":25,"minecraft:oak_door":3,"minecraft:oak_planks":40,"minecraft:crafting_table":4,"biomesoplenty:redwood_planks":4,"minecraft:wooden_pickaxe":1,"minecraft:iron_helmet":1,"minecraft:furnace":5,"minecraft:stone_axe":2,"minecraft:air":0,"minecraft:jungle_planks":44,"minecraft:iron_boots":1,"minecraft:iron_chestplate":1,"minecraft:shield":1,"minecraft:iron_axe":1,"minecraft:stick":48,"minecraft:iron_ingot":67,"minecraft:iron_pickaxe":4,"minecraft:stone_pickaxe":1,"spartanshields:wooden_basic_shield":1,"minecraft:iron_leggings":1,"minecraft:torch":72,"minecraft:shears":1},"minecraft:killed_by":{"thermal:blitz":1}},"DataVersion":3465}