{"stats":{"minecraft:broken":{"minecraft:stone_axe":1},"minecraft:dropped":{"minecraft:wooden_pickaxe":1},"minecraft:used":{"minecraft:melon_slice":24,"minecraft:stone_pickaxe":36,"minecraft:oak_planks":6,"minecraft:wooden_pickaxe":10,"minecraft:torch":1,"minecraft:oak_door":5,"minecraft:stone_axe":149,"minecraft:crafting_table":4},"minecraft:custom":{"minecraft:time_since_rest":19496,"minecraft:sprint_one_cm":74862,"minecraft:damage_taken":430,"minecraft:walk_one_cm":112603,"minecraft:mob_kills":1,"minecraft:drop":1,"minecraft:damage_dealt":400,"minecraft:swim_one_cm":45079,"minecraft:interact_with_crafting_table":4,"minecraft:fly_one_cm":230506,"minecraft:crouch_one_cm":10476,"minecraft:play_time":39749,"minecraft:deaths":1,"minecraft:sneak_time":5255,"minecraft:walk_under_water_one_cm":9642,"minecraft:jump":1068,"minecraft:leave_game":1,"minecraft:walk_on_water_one_cm":12993,"minecraft:time_since_death":19466,"minecraft:climb_one_cm":308,"minecraft:total_world_time":39749,"minecraft:fall_one_cm":29716},"minecraft:picked_up":{"minecraft:raw_iron":5,"minecraft:stick":5,"minecraft:crafting_table":2,"minecraft:feather":2,"minecraft:oak_door":2,"minecraft:jungle_log":125,"patchouli:guide_book":2,"minecraft:leather":5,"minecraft:oak_log":10,"minecraft:light_gray_terracotta":10,"minecraft:jungle_sapling":1,"minecraft:melon_slice":141,"minecraft:oak_planks":16,"minecraft:coal":29,"minecraft:cobblestone":12},"minecraft:killed":{"iceandfire:hippogryph":1},"minecraft:mined":{"minecraft:oak_door":2,"minecraft:iron_ore":5,"minecraft:jungle_leaves":6,"minecraft:crafting_table":2,"minecraft:grass":2,"minecraft:coal_ore":29,"minecraft:oak_log":10,"minecraft:melon":14,"minecraft:vine":4,"minecraft:jungle_log":125,"minecraft:dead_bush":1,"minecraft:stone":12,"minecraft:oak_leaves":2,"minecraft:fern":2},"minecraft:crafted":{"minecraft:oak_door":3,"minecraft:oak_planks":40,"minecraft:crafting_table":2,"minecraft:stick":16,"minecraft:wooden_pickaxe":1,"minecraft:stone_pickaxe":1,"minecraft:torch":24,"minecraft:stone_axe":2},"minecraft:killed_by":{"thermal:blitz":1}},"DataVersion":3465}