{"stats":{"minecraft:used":{"minecraft:crafting_table":1,"minecraft:melon_slice":13,"minecraft:oak_planks":2,"minecraft:wooden_pickaxe":4},"minecraft:custom":{"minecraft:time_since_rest":1906,"minecraft:deaths":1,"minecraft:crouch_one_cm":3923,"minecraft:sprint_one_cm":57547,"minecraft:play_time":22159,"minecraft:damage_taken":295,"minecraft:walk_one_cm":86497,"minecraft:sneak_time":1320,"minecraft:walk_under_water_one_cm":2005,"minecraft:jump":706,"minecraft:leave_game":1,"minecraft:walk_on_water_one_cm":2946,"minecraft:time_since_death":1876,"minecraft:climb_one_cm":204,"minecraft:total_world_time":22159,"minecraft:interact_with_crafting_table":1,"minecraft:swim_one_cm":22119,"minecraft:fall_one_cm":21561,"minecraft:fly_one_cm":169096},"minecraft:picked_up":{"minecraft:stick":2,"minecraft:light_gray_terracotta":10,"patchouli:guide_book":2,"minecraft:oak_log":5,"minecraft:melon_slice":141,"minecraft:oak_planks":16,"minecraft:cobblestone":4},"minecraft:crafted":{"minecraft:oak_planks":20,"minecraft:crafting_table":1,"minecraft:stick":4,"minecraft:wooden_pickaxe":1},"minecraft:mined":{"minecraft:grass":2,"minecraft:oak_log":5,"minecraft:melon":14,"minecraft:dead_bush":1,"minecraft:stone":4,"minecraft:oak_leaves":2,"minecraft:fern":2},"minecraft:killed_by":{"thermal:blitz":1}},"DataVersion":3465}