{"stats":{"minecraft:broken":{"minecraft:stone_axe":1},"minecraft:dropped":{"minecraft:wooden_pickaxe":1},"minecraft:used":{"minecraft:melon_slice":28,"minecraft:stone_pickaxe":74,"minecraft:oak_planks":6,"minecraft:wooden_pickaxe":10,"minecraft:torch":6,"minecraft:oak_door":11,"minecraft:stone_axe":161,"minecraft:cobblestone":9,"minecraft:crafting_table":4},"minecraft:custom":{"minecraft:time_since_rest":33777,"minecraft:sprint_one_cm":78987,"minecraft:damage_taken":475,"minecraft:walk_one_cm":120412,"minecraft:mob_kills":2,"minecraft:drop":1,"minecraft:damage_dealt":800,"minecraft:swim_one_cm":75142,"minecraft:interact_with_crafting_table":4,"minecraft:fly_one_cm":233524,"minecraft:crouch_one_cm":12641,"minecraft:play_time":54030,"minecraft:deaths":1,"minecraft:sneak_time":7343,"minecraft:walk_under_water_one_cm":18012,"minecraft:jump":1128,"minecraft:leave_game":1,"minecraft:walk_on_water_one_cm":19075,"minecraft:time_since_death":33747,"minecraft:climb_one_cm":308,"minecraft:total_world_time":54030,"minecraft:fall_one_cm":31481},"minecraft:picked_up":{"minecraft:raw_iron":18,"minecraft:stick":5,"minecraft:crafting_table":2,"minecraft:feather":7,"minecraft:oak_door":10,"minecraft:jungle_log":125,"patchouli:guide_book":2,"minecraft:leather":9,"minecraft:torch":3,"minecraft:gravel":15,"minecraft:oak_log":10,"minecraft:bone":1,"minecraft:light_gray_terracotta":10,"minecraft:arrow":1,"mysticalagriculture:inferium_essence":1,"minecraft:jungle_sapling":1,"minecraft:melon_slice":141,"minecraft:oak_planks":16,"minecraft:coal":30,"minecraft:cobblestone":36},"minecraft:killed":{"iceandfire:hippogryph":2},"minecraft:mined":{"minecraft:oak_door":10,"minecraft:iron_ore":18,"minecraft:jungle_leaves":6,"minecraft:crafting_table":2,"minecraft:torch":3,"minecraft:grass":2,"minecraft:coal_ore":30,"minecraft:oak_log":10,"minecraft:melon":14,"minecraft:vine":4,"minecraft:jungle_log":125,"minecraft:dead_bush":1,"minecraft:gravel":7,"minecraft:stone":36,"minecraft:oak_leaves":2,"minecraft:fern":2},"minecraft:crafted":{"minecraft:oak_door":3,"minecraft:oak_planks":40,"minecraft:crafting_table":2,"minecraft:stick":16,"minecraft:wooden_pickaxe":1,"minecraft:stone_pickaxe":1,"minecraft:torch":24,"minecraft:stone_axe":2},"minecraft:killed_by":{"thermal:blitz":1}},"DataVersion":3465}