{"stats":{"minecraft:picked_up":{"alltheores:raw_aluminum_block":2,"minecraft:iron_chestplate":3,"biomesoplenty:burning_blossom":3,"minecraft:chainmail_boots":6,"iceandfire:copper_sword":1,"minecraft:wither_rose":1,"minecraft:enchanted_book":8,"biomesoplenty:reed":1,"alltheores:raw_lead_block":1,"iceandfire:manuscript":10,"minecraft:string":36,"minecraft:cooked_salmon":64,"minecraft:iron_leggings":2,"biomesoplenty:brimstone":5,"minecraft:cobbled_deepslate":37,"mysticalagriculture:inferium_essence":199,"minecraft:gold_nugget":9,"minecraft:bucket":3,"minecraft:spruce_planks":3,"minecraft:azalea":4,"minecraft:wooden_shovel":1,"minecraft:iron_pickaxe":1,"minecraft:enchanted_golden_apple":1,"biomesoplenty:redwood_wood":12,"minecraft:melon_slice":162,"minecraft:coal_block":36,"minecraft:iron_boots":1,"minecraft:furnace":19,"minecraft:golden_helmet":2,"minecraft:stick":38,"iceandfire:ghost_chest":5,"apotheosis:gem":24,"iceandfire:armor_copper_metal_leggings":3,"thermal:raw_lead":3,"minecraft:torch":57,"mysticalagriculture:prosperity_shard":14,"alltheores:raw_tin_block":1,"minecraft:porkchop":212,"minecraft:pointed_dripstone":2,"mekanism:raw_tin":5,"minecraft:rotten_flesh":25,"create:scoria":1,"create:ochrum":1,"minecraft:obsidian":4,"minecraft:cobblestone":404,"minecraft:enchanting_table":1,"minecraft:feather":12,"minecraft:water_bucket":1,"minecraft:andesite":3,"minecraft:jungle_log":160,"bigreactors:raw_yellorium":40,"create:raw_zinc":40,"minecraft:lapis_lazuli":13,"minecraft:dirt":94,"minecraft:lantern":1,"minecraft:leather_boots":1,"alltheores:raw_tin":92,"minecraft:bone":50,"minecraft:bow":7,"minecraft:wheat_seeds":11,"create_new_age:magnetite_block":6,"mysticalagriculture:soulium_dust":14,"minecraft:glowstone_dust":116,"minecraft:moss_block":2,"minecraft:oak_planks":16,"biomesoplenty:toadstool":5,"biomesoplenty:clover":4,"thermal:raw_tin":9,"minecraft:cooked_porkchop":79,"patchouli:guide_book":2,"alltheores:raw_lead":46,"bigreactors:benitoite_crystal":9,"iceandfire:pixie_house_birch":1,"minecraft:sand":10,"minecraft:trapped_chest":1,"biomesoplenty:hellbark_log":5,"alltheores:raw_nickel":30,"minecraft:light_gray_terracotta":10,"create:crimsite":9,"minecraft:diamond":39,"minecraft:soul_lantern":2,"waystones:waystone":1,"alltheores:raw_aluminum":159,"minecraft:granite":1,"minecraft:bone_meal":3,"minecraft:emerald":13,"minecraft:oak_sapling":1,"minecraft:netherrack":136,"iceandfire:raw_silver":8,"biomesoplenty:redwood_log":62,"iceandfire:dragon_skull_lightning":1,"minecraft:crafting_table":27,"create_new_age:thorium":397,"mysticalagriculture:soulstone_cobble":10,"thermal:cinnabar":2,"minecraft:brown_mushroom":2,"biomesoplenty:flesh":11,"minecraft:stone_brick_wall":4,"minecraft:shield":2,"minecraft:moss_carpet":17,"minecraft:iron_axe":2,"thermal:raw_nickel":2,"minecraft:item_frame":1,"minecraft:blackstone":10,"minecraft:cyan_carpet":2,"iceandfire:graveyard_soil":11,"minecraft:beef":57,"minecraft:oak_boat":4,"minecraft:jungle_sapling":1,"minecraft:sugar_cane":87,"minecraft:chest":7,"minecraft:egg":1,"minecraft:raw_iron":326,"iceandfire:dragonbone":12,"minecraft:oak_door":19,"alltheores:raw_zinc":171,"sophisticatedbackpacks:backpack":1,"alltheores:raw_platinum_block":2,"farmersdelight:tomato_seeds":1,"minecraft:carrot":1,"minecraft:tnt":7,"iceandfire:silver_ingot":1,"minecraft:arrow":32,"minecraft:beetroot_seeds":1,"minecraft:shears":1,"minecraft:gold_ingot":13,"minecraft:saddle":1,"minecraft:mutton":19,"minecraft:bone_block":3,"minecraft:skeleton_skull":1,"minecraft:white_wool":86,"minecraft:basalt":58,"mekanism:raw_lead":6,"biomesoplenty:huge_clover_petal":4,"minecraft:salmon":64,"minecraft:leather":42,"minecraft:oak_log":21,"iceandfire:ectoplasm":2,"minecraft:gunpowder":7,"alltheores:raw_zinc_block":1,"rftoolsbase:dimensionalshard":24,"minecraft:iron_ingot":154,"minecraft:iron_sword":1,"minecraft:flowering_azalea":1,"minecraft:book":84,"thermal:blitz_rod":3,"minecraft:smooth_basalt":1,"minecraft:quartz":32,"minecraft:dandelion":1,"minecraft:dripstone_block":4,"minecraft:gravel":21,"powah:uraninite_raw":21,"biomesoplenty:porous_flesh":2,"minecraft:white_bed":1,"minecraft:spruce_log":3,"mekanism:raw_osmium":105,"minecraft:spruce_door":9,"minecraft:spider_eye":5,"biomesoplenty:bramble":2,"minecraft:iron_helmet":3,"mekanism:fluorite_gem":3,"alltheores:raw_silver":28,"minecraft:coal":1073,"minecraft:ender_pearl":3},"minecraft:broken":{"minecraft:stone_axe":1,"minecraft:shield":1,"minecraft:iron_axe":1,"minecraft:iron_pickaxe":7,"minecraft:iron_helmet":2},"minecraft:killed":{"minecraft:cave_spider":1,"iceandfire:hippogryph":4,"minecraft:witch":1,"minecraft:spider":9,"minecraft:skeleton":29,"minecraft:silverfish":2,"thermal:blitz":6,"minecraft:pig":96,"minecraft:salmon":64,"minecraft:creeper":7,"minecraft:zombie":29,"minecraft:stray":1,"minecraft:cow":26,"thermal:basalz":2,"minecraft:drowned":3,"minecraft:husk":1,"iceandfire:ghost":6,"minecraft:wither_skeleton":1,"minecraft:enderman":3},"minecraft:dropped":{"iceandfire:raw_silver":1,"minecraft:moss_block":2,"minecraft:brown_mushroom":2,"minecraft:porkchop":1,"minecraft:diamond":32,"minecraft:crafting_table":1,"minecraft:cooked_porkchop":44,"alltheores:raw_zinc":72,"create:crimsite":9,"biomesoplenty:porous_flesh":2,"spartanshields:wooden_basic_shield":1,"minecraft:item_frame":1,"minecraft:dirt":21,"minecraft:jungle_button":14,"minecraft:jungle_sapling":1,"minecraft:gold_nugget":9,"minecraft:iron_pickaxe":1,"mysticalagriculture:soulstone_cobble":10,"minecraft:white_wool":1,"minecraft:cyan_carpet":2,"minecraft:gold_ingot":11,"minecraft:bone":2,"thermal:raw_tin":3,"minecraft:stone_axe":1,"minecraft:blackstone":5,"biomesoplenty:bramble":2,"minecraft:cobbled_deepslate":18,"minecraft:pointed_dripstone":2,"minecraft:rotten_flesh":16,"minecraft:oak_planks":1,"minecraft:enchanted_golden_apple":1,"minecraft:glowstone_dust":116,"mekanism:raw_tin":5,"iceandfire:ghost_chest":2,"minecraft:gunpowder":5,"create:scoria":1,"mysticalagriculture:inferium_essence":1,"minecraft:jungle_log":7,"minecraft:leather_boots":1,"apotheosis:gem":6,"minecraft:azalea":4,"minecraft:chainmail_boots":3,"minecraft:arrow":32,"iceandfire:armor_copper_metal_leggings":2,"minecraft:iron_ingot":38,"minecraft:wheat_seeds":10,"minecraft:golden_helmet":2,"biomesoplenty:clover":4,"minecraft:dripstone_block":3,"minecraft:cobblestone":26,"minecraft:iron_helmet":1,"thermal:blitz_rod":1,"minecraft:book":1,"minecraft:spruce_door":1,"minecraft:coal":8,"minecraft:stick":1,"minecraft:torch":16,"biomesoplenty:brimstone":3,"minecraft:iron_leggings":1,"minecraft:flowering_azalea":1,"minecraft:string":20,"minecraft:trapped_chest":1,"minecraft:dandelion":1,"minecraft:smooth_basalt":1,"minecraft:furnace":3,"minecraft:moss_carpet":17,"create:ochrum":1,"minecraft:iron_boots":1,"minecraft:iron_hoe":1,"create_new_age:magnetite_block":4,"minecraft:iron_chestplate":2,"iceandfire:silver_ingot":1,"minecraft:oak_sapling":1,"minecraft:spider_eye":4,"minecraft:bow":4,"minecraft:stone_pickaxe":1,"minecraft:wooden_pickaxe":1},"minecraft:killed_by":{"iceandfire:cyclops":1,"minecraft:creeper":1,"iceandfire:fire_dragon":1,"thermal:blitz":1,"minecraft:skeleton":2},"minecraft:mined":{"thermal:deepslate_tin_ore":6,"create:deepslate_zinc_ore":11,"minecraft:spruce_planks":4,"alltheores:raw_aluminum_block":2,"minecraft:white_bed":1,"iceandfire:graveyard_soil":9,"thermal:cinnabar_ore":2,"minecraft:sculk_vein":68,"minecraft:jungle_leaves":6,"biomesoplenty:brimstone":3,"thermal:tin_ore":3,"minecraft:obsidian":69,"biomesoplenty:burning_blossom":3,"minecraft:granite":1,"biomesoplenty:bramble":1,"minecraft:grass_block":9,"minecraft:jungle_log":129,"biomesoplenty:flowering_oak_leaves":2,"biomesoplenty:eyebulb":1,"minecraft:coal_block":1,"mysticalagriculture:inferium_ore":20,"biomesoplenty:pus_bubble":1,"minecraft:tall_seagrass":1,"minecraft:glowstone":39,"minecraft:iron_ore":321,"alltheores:deepslate_lead_ore":46,"minecraft:fire":11,"bigreactors:yellorite_ore":24,"biomesoplenty:hellbark_log":5,"minecraft:enchanting_table":1,"bigreactors:benitoite_ore":9,"minecraft:sculk_shrieker":1,"biomesoplenty:redwood_log":62,"biomesoplenty:webbing":4,"powah:uraninite_ore_poor":7,"alltheores:nickel_ore":30,"mekanism:osmium_ore":105,"minecraft:blackstone":5,"powah:uraninite_ore":4,"biomesoplenty:brimstone_fumarole":1,"minecraft:torch":3,"minecraft:melon":18,"iceandfire:ghost_chest":3,"minecraft:chest":7,"create:scoria":1,"minecraft:dead_bush":1,"mekanism:tin_ore":5,"minecraft:nether_quartz_ore":48,"minecraft:cobblestone":7,"thermal:deepslate_lead_ore":1,"alltheores:nether_zinc_ore":31,"minecraft:sugar_cane":41,"minecraft:wall_torch":1,"powah:deepslate_uraninite_ore_poor":2,"rftoolsbase:dimensionalshard_overworld":3,"mysticalagriculture:soulium_ore":7,"mekanism:fluorite_ore":1,"biomesoplenty:hair":1,"alltheores:tin_ore":92,"minecraft:tnt":5,"minecraft:wither_rose":1,"minecraft:grass":47,"biomesoplenty:clover":4,"minecraft:oak_log":21,"mekanism:lead_ore":1,"minecraft:dirt":23,"minecraft:sand":10,"alltheores:raw_platinum_block":1,"thermal:nickel_ore":2,"mysticalagriculture:deepslate_prosperity_ore":5,"minecraft:smooth_basalt":1,"minecraft:netherrack":134,"create:crimsite":9,"minecraft:oak_leaves":22,"mysticalagriculture:deepslate_inferium_ore":4,"minecraft:deepslate":34,"biomesoplenty:reed":5,"create:zinc_ore":17,"mysticalagriculture:soulstone":10,"iceandfire:silver_ore":4,"alltheores:zinc_ore":140,"minecraft:deepslate_diamond_ore":12,"minecraft:oak_door":19,"farmersdelight:wild_carrots":1,"iceandfire:pixie_house_birch":1,"biomesoplenty:bush":2,"alltheores:deepslate_silver_ore":28,"create_new_age:thorium_ore":78,"create:ochrum":1,"minecraft:moss_block":1,"minecraft:large_fern":1,"minecraft:furnace":16,"biomesoplenty:toadstool":5,"minecraft:andesite":4,"biomesoplenty:flesh":2,"minecraft:bookshelf":24,"minecraft:vine":6,"alltheores:aluminum_ore":118,"biomesoplenty:spider_egg":2,"minecraft:stone":294,"minecraft:bone_block":3,"minecraft:podzol":5,"mekanism:deepslate_lead_ore":5,"biomesoplenty:porous_flesh":2,"alltheores:raw_zinc_block":1,"minecraft:basalt":60,"create_new_age:magnetite_block":2,"minecraft:spruce_door":8,"minecraft:crafting_table":24,"alltheores:nether_aluminum_ore":41,"minecraft:emerald_ore":13,"minecraft:sculk_sensor":10,"minecraft:tall_grass":3,"minecraft:lapis_ore":2,"biomesoplenty:huge_clover_petal":5,"farmersdelight:wild_tomatoes":1,"alltheores:raw_tin_block":1,"minecraft:sculk":1420,"farmersdelight:wild_beetroots":1,"minecraft:trapped_chest":1,"minecraft:spruce_log":3,"minecraft:birch_leaves":2,"iceandfire:ash":2,"minecraft:coal_ore":891,"minecraft:cyan_carpet":1,"minecraft:gravel":9,"minecraft:dripstone_block":1,"biomesoplenty:stringy_cobweb":1,"minecraft:cobweb":11,"mekanism:deepslate_uranium_ore":6,"biomesoplenty:redwood_wood":9,"minecraft:fern":3,"alltheores:raw_lead_block":1},"minecraft:used":{"minecraft:iron_shovel":33,"minecraft:chest":6,"minecraft:shield":104,"minecraft:iron_sword":14,"minecraft:iron_chestplate":1,"minecraft:carrot":1,"iceandfire:ghost_chest":2,"minecraft:iron_helmet":2,"minecraft:furnace":21,"minecraft:egg":1,"minecraft:spruce_door":7,"minecraft:stone_pickaxe":88,"minecraft:oak_planks":6,"minecraft:ender_pearl":1,"minecraft:wooden_pickaxe":10,"minecraft:sugar_cane":87,"minecraft:sand":2,"minecraft:melon_slice":98,"minecraft:gravel":5,"minecraft:coal_block":1,"iceandfire:pixie_house_birch":1,"minecraft:andesite":3,"minecraft:oak_boat":4,"minecraft:stone_sword":65,"biomesoplenty:redwood_planks":4,"minecraft:netherrack":104,"minecraft:oak_door":20,"minecraft:torch":667,"minecraft:dirt":49,"iceandfire:copper_sword":8,"minecraft:granite":1,"minecraft:iron_hoe":95,"biomesoplenty:redwood_wood":4,"minecraft:iron_axe":541,"minecraft:jungle_log":4,"biomesoplenty:blood_bucket":10,"minecraft:cooked_beef":15,"minecraft:iron_leggings":1,"minecraft:water_bucket":51,"minecraft:crafting_table":35,"minecraft:white_bed":2,"minecraft:smoker":1,"minecraft:diamond_pickaxe":187,"minecraft:iron_pickaxe":2550,"minecraft:stone_axe":268,"minecraft:cobblestone":159,"minecraft:porkchop":3,"minecraft:cooked_porkchop":81,"minecraft:bucket":62},"minecraft:crafted":{"minecraft:jungle_button":14,"minecraft:oak_planks":68,"minecraft:glass":8,"minecraft:iron_boots":3,"minecraft:chest":3,"minecraft:smoker":1,"minecraft:glass_bottle":3,"sophisticatedbackpacks:backpack":1,"minecraft:cooked_porkchop":134,"minecraft:crafting_table":12,"minecraft:spruce_planks":12,"minecraft:wooden_pickaxe":1,"minecraft:iron_helmet":3,"minecraft:iron_chestplate":2,"minecraft:diamond_pickaxe":1,"minecraft:shield":4,"minecraft:stick":276,"minecraft:iron_pickaxe":12,"minecraft:iron_ingot":119,"minecraft:stone_sword":1,"spartanshields:wooden_basic_shield":1,"minecraft:shears":1,"minecraft:oak_door":3,"minecraft:coal":315,"minecraft:furnace":14,"minecraft:iron_axe":4,"minecraft:iron_hoe":1,"minecraft:stone_pickaxe":1,"minecraft:cooked_beef":20,"minecraft:coal_block":83,"iceandfire:dragon_meal":1,"biomesoplenty:redwood_planks":32,"minecraft:iron_sword":1,"minecraft:bucket":1,"minecraft:stone_axe":3,"minecraft:air":0,"minecraft:jungle_planks":200,"minecraft:oak_boat":1,"iceandfire:bestiary":1,"minecraft:white_wool":1,"minecraft:iron_shovel":2,"minecraft:iron_leggings":3,"minecraft:white_bed":1,"minecraft:torch":796},"minecraft:custom":{"minecraft:interact_with_crafting_table":71,"minecraft:leave_game":7,"minecraft:time_since_death":159869,"minecraft:damage_resisted":0,"minecraft:sprint_one_cm":978787,"minecraft:damage_blocked_by_shield":4940,"minecraft:drop":152,"minecraft:talked_to_villager":1,"minecraft:play_time":609101,"minecraft:deaths":6,"minecraft:jump":13012,"minecraft:walk_on_water_one_cm":166045,"minecraft:interact_with_furnace":105,"minecraft:sleep_in_bed":3,"minecraft:waystone_activated":1,"minecraft:damage_dealt":38431,"minecraft:crouch_one_cm":81382,"minecraft:interact_with_smoker":5,"minecraft:mob_kills":300,"minecraft:damage_dealt_resisted":0,"minecraft:climb_one_cm":6254,"minecraft:walk_one_cm":1611087,"minecraft:sneak_time":35814,"minecraft:walk_under_water_one_cm":205450,"minecraft:total_world_time":609101,"spartanshields:shield_bash_hits":1,"minecraft:time_since_rest":83985,"minecraft:damage_taken":10332,"minecraft:trigger_trapped_chest":9,"minecraft:swim_one_cm":449740,"minecraft:fly_one_cm":2031935,"minecraft:open_chest":84,"minecraft:fall_one_cm":352247}},"DataVersion":3465}