{"stats":{"minecraft:broken":{"minecraft:stone_axe":1,"minecraft:iron_pickaxe":3},"minecraft:used":{"minecraft:stone_pickaxe":88,"minecraft:oak_planks":6,"minecraft:wooden_pickaxe":10,"minecraft:shield":10,"minecraft:oak_door":20,"minecraft:iron_chestplate":1,"minecraft:torch":46,"minecraft:crafting_table":8,"minecraft:granite":1,"minecraft:iron_axe":40,"minecraft:melon_slice":87,"minecraft:iron_pickaxe":781,"minecraft:stone_axe":188,"minecraft:cobblestone":36,"minecraft:furnace":5,"minecraft:andesite":3,"minecraft:cooked_beef":2},"minecraft:dropped":{"minecraft:moss_carpet":17,"minecraft:stone_axe":1,"minecraft:moss_block":2,"minecraft:wheat_seeds":4,"minecraft:dirt":3,"minecraft:azalea":4,"minecraft:jungle_sapling":1,"minecraft:flowering_azalea":1,"minecraft:arrow":2,"minecraft:wooden_pickaxe":1,"minecraft:stone_pickaxe":1},"minecraft:custom":{"minecraft:interact_with_furnace":23,"minecraft:mob_kills":26,"minecraft:interact_with_crafting_table":17,"minecraft:leave_game":4,"minecraft:time_since_death":121504,"minecraft:climb_one_cm":1148,"minecraft:time_since_rest":121534,"minecraft:sprint_one_cm":165515,"minecraft:damage_taken":1239,"minecraft:walk_one_cm":276395,"minecraft:damage_blocked_by_shield":300,"minecraft:drop":14,"minecraft:damage_dealt":5163,"minecraft:swim_one_cm":200231,"minecraft:fly_one_cm":457129,"minecraft:open_chest":1,"minecraft:play_time":141787,"minecraft:crouch_one_cm":23972,"minecraft:sneak_time":14001,"minecraft:deaths":1,"minecraft:walk_under_water_one_cm":61221,"minecraft:jump":2588,"minecraft:walk_on_water_one_cm":40629,"minecraft:total_world_time":141787,"minecraft:fall_one_cm":69889},"minecraft:picked_up":{"minecraft:crafting_table":4,"minecraft:feather":12,"minecraft:andesite":3,"minecraft:jungle_log":125,"minecraft:leather":22,"minecraft:oak_log":10,"minecraft:gunpowder":2,"minecraft:string":2,"minecraft:lapis_lazuli":13,"minecraft:dirt":14,"minecraft:moss_carpet":17,"minecraft:bone":3,"alltheores:raw_tin":18,"minecraft:wheat_seeds":6,"mysticalagriculture:inferium_essence":3,"minecraft:beef":12,"minecraft:iron_ingot":32,"minecraft:jungle_sapling":1,"minecraft:azalea":4,"minecraft:melon_slice":151,"minecraft:moss_block":2,"minecraft:oak_planks":16,"minecraft:flowering_azalea":1,"minecraft:furnace":2,"minecraft:stick":5,"minecraft:raw_iron":168,"thermal:blitz_rod":1,"minecraft:oak_door":19,"patchouli:guide_book":2,"minecraft:torch":10,"minecraft:gravel":15,"minecraft:porkchop":9,"farmersdelight:tomato_seeds":1,"mekanism:raw_osmium":78,"minecraft:light_gray_terracotta":10,"minecraft:arrow":2,"minecraft:rotten_flesh":5,"minecraft:granite":1,"minecraft:emerald":10,"minecraft:coal":402,"minecraft:white_wool":27,"minecraft:cobblestone":212},"minecraft:killed":{"iceandfire:hippogryph":4,"thermal:basalz":1,"minecraft:pig":3,"minecraft:spider":1,"minecraft:creeper":1,"minecraft:skeleton":4,"minecraft:zombie":4,"minecraft:drowned":1,"thermal:blitz":2,"minecraft:cow":4},"minecraft:mined":{"mekanism:osmium_ore":78,"minecraft:oak_door":19,"minecraft:jungle_leaves":6,"minecraft:crafting_table":4,"minecraft:torch":3,"minecraft:granite":1,"minecraft:emerald_ore":10,"minecraft:grass_block":2,"minecraft:melon":16,"minecraft:jungle_log":125,"minecraft:dead_bush":1,"minecraft:cobblestone":5,"farmersdelight:wild_tomatoes":1,"minecraft:lapis_ore":2,"minecraft:moss_block":1,"minecraft:furnace":2,"minecraft:iron_ore":168,"minecraft:andesite":3,"alltheores:tin_ore":18,"minecraft:grass":8,"minecraft:oak_log":10,"minecraft:coal_ore":383,"minecraft:vine":4,"minecraft:gravel":7,"minecraft:dirt":1,"minecraft:stone":206,"minecraft:oak_leaves":2,"minecraft:fern":2},"minecraft:crafted":{"minecraft:cooked_beef":3,"minecraft:coal_block":25,"minecraft:oak_door":3,"minecraft:oak_planks":40,"minecraft:crafting_table":4,"minecraft:wooden_pickaxe":1,"minecraft:iron_helmet":1,"minecraft:furnace":5,"minecraft:stone_axe":2,"minecraft:air":0,"minecraft:jungle_planks":44,"minecraft:iron_boots":1,"minecraft:iron_chestplate":1,"minecraft:shield":1,"minecraft:iron_axe":1,"minecraft:stick":48,"minecraft:iron_ingot":67,"minecraft:iron_pickaxe":4,"minecraft:stone_pickaxe":1,"spartanshields:wooden_basic_shield":1,"minecraft:iron_leggings":1,"minecraft:torch":72,"minecraft:shears":1},"minecraft:killed_by":{"thermal:blitz":1}},"DataVersion":3465}