{"stats":{"minecraft:dropped":{"minecraft:wooden_pickaxe":1},"minecraft:used":{"minecraft:melon_slice":13,"minecraft:oak_planks":2,"minecraft:wooden_pickaxe":10,"minecraft:stone_axe":99,"minecraft:crafting_table":2},"minecraft:custom":{"minecraft:time_since_rest":7496,"minecraft:sprint_one_cm":60939,"minecraft:damage_taken":295,"minecraft:walk_one_cm":96426,"minecraft:drop":1,"minecraft:swim_one_cm":22119,"minecraft:interact_with_crafting_table":2,"minecraft:fly_one_cm":182194,"minecraft:crouch_one_cm":7082,"minecraft:play_time":27749,"minecraft:deaths":1,"minecraft:sneak_time":2458,"minecraft:walk_under_water_one_cm":4312,"minecraft:jump":829,"minecraft:leave_game":1,"minecraft:walk_on_water_one_cm":5976,"minecraft:time_since_death":7466,"minecraft:climb_one_cm":308,"minecraft:total_world_time":27749,"minecraft:fall_one_cm":21979},"minecraft:picked_up":{"minecraft:stick":2,"minecraft:crafting_table":1,"minecraft:jungle_log":85,"patchouli:guide_book":2,"minecraft:oak_log":5,"minecraft:light_gray_terracotta":10,"minecraft:melon_slice":141,"minecraft:oak_planks":16,"minecraft:cobblestone":10},"minecraft:mined":{"minecraft:jungle_leaves":1,"minecraft:crafting_table":1,"minecraft:grass":2,"minecraft:oak_log":5,"minecraft:melon":14,"minecraft:vine":3,"minecraft:jungle_log":94,"minecraft:dead_bush":1,"minecraft:stone":10,"minecraft:oak_leaves":2,"minecraft:fern":2},"minecraft:crafted":{"minecraft:oak_planks":20,"minecraft:crafting_table":2,"minecraft:stick":16,"minecraft:wooden_pickaxe":1,"minecraft:stone_axe":1},"minecraft:killed_by":{"thermal:blitz":1}},"DataVersion":3465}