{"stats":{"minecraft:broken":{"minecraft:stone_axe":1,"minecraft:iron_pickaxe":3},"minecraft:used":{"minecraft:iron_shovel":13,"biomesoplenty:redwood_planks":4,"minecraft:shield":41,"minecraft:iron_chestplate":1,"minecraft:oak_door":20,"minecraft:torch":46,"minecraft:dirt":22,"iceandfire:copper_sword":8,"minecraft:granite":1,"minecraft:iron_axe":121,"minecraft:furnace":5,"minecraft:cooked_beef":10,"minecraft:stone_pickaxe":88,"minecraft:oak_planks":6,"minecraft:wooden_pickaxe":10,"minecraft:crafting_table":9,"minecraft:melon_slice":87,"minecraft:iron_pickaxe":783,"minecraft:stone_axe":188,"minecraft:cobblestone":36,"iceandfire:pixie_house_birch":1,"minecraft:andesite":3},"minecraft:custom":{"minecraft:mob_kills":55,"minecraft:interact_with_crafting_table":18,"minecraft:damage_dealt_resisted":0,"minecraft:leave_game":4,"minecraft:time_since_death":13937,"minecraft:climb_one_cm":1754,"minecraft:damage_resisted":0,"minecraft:sprint_one_cm":248812,"minecraft:walk_one_cm":365989,"minecraft:damage_blocked_by_shield":725,"minecraft:drop":22,"minecraft:talked_to_villager":1,"minecraft:play_time":213780,"minecraft:deaths":2,"minecraft:sneak_time":15241,"minecraft:walk_under_water_one_cm":61769,"minecraft:jump":3441,"minecraft:walk_on_water_one_cm":45040,"minecraft:total_world_time":213780,"minecraft:interact_with_furnace":24,"minecraft:time_since_rest":13994,"minecraft:damage_taken":2218,"minecraft:trigger_trapped_chest":2,"minecraft:damage_dealt":10165,"minecraft:swim_one_cm":202265,"minecraft:fly_one_cm":603064,"minecraft:open_chest":1,"minecraft:crouch_one_cm":26962,"minecraft:fall_one_cm":95975},"minecraft:dropped":{"minecraft:moss_block":2,"minecraft:wheat_seeds":8,"biomesoplenty:clover":4,"spartanshields:wooden_basic_shield":1,"minecraft:dirt":3,"minecraft:jungle_sapling":1,"minecraft:flowering_azalea":1,"minecraft:stone_axe":1,"minecraft:moss_carpet":17,"iceandfire:ghost_chest":2,"minecraft:azalea":4,"minecraft:oak_sapling":1,"minecraft:spider_eye":1,"minecraft:arrow":9,"minecraft:stone_pickaxe":1,"minecraft:wooden_pickaxe":1},"minecraft:picked_up":{"minecraft:crafting_table":5,"minecraft:chainmail_boots":1,"iceandfire:copper_sword":1,"minecraft:wither_rose":1,"minecraft:enchanted_book":1,"biomesoplenty:reed":1,"minecraft:string":3,"minecraft:moss_carpet":17,"iceandfire:graveyard_soil":11,"mysticalagriculture:inferium_essence":7,"minecraft:beef":21,"minecraft:azalea":4,"minecraft:jungle_sapling":1,"minecraft:melon_slice":151,"biomesoplenty:redwood_wood":1,"minecraft:furnace":4,"minecraft:raw_iron":168,"minecraft:stick":6,"apotheosis:gem":2,"iceandfire:ghost_chest":2,"minecraft:oak_door":19,"minecraft:torch":10,"minecraft:porkchop":22,"farmersdelight:tomato_seeds":1,"minecraft:arrow":9,"minecraft:rotten_flesh":7,"minecraft:skeleton_skull":1,"minecraft:white_wool":57,"minecraft:cobblestone":212,"minecraft:feather":12,"minecraft:jungle_log":125,"minecraft:andesite":3,"minecraft:leather":23,"minecraft:oak_log":10,"minecraft:gunpowder":2,"minecraft:lapis_lazuli":13,"minecraft:dirt":35,"alltheores:raw_tin":18,"minecraft:bone":13,"minecraft:wheat_seeds":9,"minecraft:iron_ingot":32,"minecraft:moss_block":2,"minecraft:oak_planks":16,"minecraft:flowering_azalea":1,"biomesoplenty:clover":4,"thermal:blitz_rod":2,"patchouli:guide_book":2,"iceandfire:pixie_house_birch":1,"minecraft:gravel":15,"minecraft:spider_eye":1,"mekanism:raw_osmium":78,"minecraft:light_gray_terracotta":10,"minecraft:granite":1,"minecraft:emerald":10,"minecraft:oak_sapling":1,"minecraft:coal":421},"minecraft:killed":{"iceandfire:hippogryph":4,"thermal:basalz":1,"minecraft:spider":3,"minecraft:skeleton":9,"minecraft:drowned":1,"thermal:blitz":4,"minecraft:pig":11,"minecraft:creeper":2,"minecraft:zombie":9,"iceandfire:ghost":2,"minecraft:cow":8},"minecraft:mined":{"iceandfire:graveyard_soil":9,"minecraft:oak_door":19,"minecraft:jungle_leaves":6,"iceandfire:pixie_house_birch":1,"minecraft:granite":1,"biomesoplenty:bush":2,"minecraft:grass_block":2,"minecraft:jungle_log":125,"biomesoplenty:flowering_oak_leaves":2,"minecraft:moss_block":1,"minecraft:furnace":4,"minecraft:iron_ore":168,"minecraft:andesite":3,"minecraft:vine":5,"minecraft:stone":206,"mekanism:osmium_ore":78,"minecraft:crafting_table":5,"minecraft:torch":3,"minecraft:emerald_ore":10,"minecraft:melon":16,"iceandfire:ghost_chest":1,"minecraft:dead_bush":1,"minecraft:tall_grass":2,"minecraft:cobblestone":5,"minecraft:lapis_ore":2,"farmersdelight:wild_tomatoes":1,"alltheores:tin_ore":18,"minecraft:wither_rose":1,"minecraft:coal_ore":383,"minecraft:grass":23,"biomesoplenty:clover":2,"minecraft:oak_log":10,"minecraft:dirt":8,"minecraft:gravel":7,"biomesoplenty:redwood_wood":1,"minecraft:oak_leaves":14,"biomesoplenty:reed":5,"minecraft:fern":2},"minecraft:crafted":{"minecraft:oak_door":3,"minecraft:oak_planks":40,"minecraft:furnace":5,"minecraft:iron_boots":1,"minecraft:iron_axe":1,"minecraft:stone_pickaxe":1,"minecraft:cooked_beef":12,"minecraft:coal_block":25,"minecraft:crafting_table":4,"biomesoplenty:redwood_planks":4,"minecraft:wooden_pickaxe":1,"minecraft:iron_helmet":1,"minecraft:stone_axe":2,"minecraft:air":0,"minecraft:jungle_planks":44,"minecraft:iron_chestplate":1,"minecraft:shield":1,"minecraft:stick":48,"minecraft:iron_ingot":67,"minecraft:iron_pickaxe":4,"minecraft:iron_shovel":1,"minecraft:iron_leggings":1,"spartanshields:wooden_basic_shield":1,"minecraft:torch":72,"minecraft:shears":1},"minecraft:killed_by":{"thermal:blitz":1,"iceandfire:fire_dragon":1}},"DataVersion":3465}