{"stats":{"minecraft:picked_up":{"minecraft:melon_slice":73},"minecraft:mined":{"minecraft:grass":2,"minecraft:melon":13,"minecraft:fern":2},"minecraft:custom":{"minecraft:jump":88,"minecraft:time_since_rest":5317,"minecraft:crouch_one_cm":2698,"minecraft:sprint_one_cm":1110,"minecraft:play_time":5317,"minecraft:time_since_death":5317,"minecraft:walk_one_cm":51503,"minecraft:sneak_time":617,"minecraft:climb_one_cm":84,"minecraft:total_world_time":5317,"minecraft:fall_one_cm":418,"minecraft:fly_one_cm":3797}},"DataVersion":3465}