{"stats":{"minecraft:broken":{"minecraft:stone_axe":1},"minecraft:dropped":{"minecraft:wooden_pickaxe":1},"minecraft:used":{"minecraft:stone_pickaxe":88,"minecraft:oak_planks":6,"minecraft:wooden_pickaxe":10,"minecraft:shield":2,"minecraft:iron_chestplate":1,"minecraft:oak_door":15,"minecraft:torch":10,"minecraft:crafting_table":5,"minecraft:melon_slice":35,"minecraft:stone_axe":168,"minecraft:cobblestone":9,"minecraft:furnace":1},"minecraft:custom":{"minecraft:interact_with_furnace":4,"minecraft:mob_kills":3,"minecraft:interact_with_crafting_table":7,"minecraft:leave_game":1,"minecraft:time_since_death":43466,"minecraft:climb_one_cm":308,"minecraft:time_since_rest":43496,"minecraft:sprint_one_cm":83179,"minecraft:damage_taken":610,"minecraft:walk_one_cm":124921,"minecraft:damage_blocked_by_shield":60,"minecraft:drop":1,"minecraft:damage_dealt":1000,"minecraft:swim_one_cm":110596,"minecraft:fly_one_cm":238449,"minecraft:crouch_one_cm":13059,"minecraft:play_time":63749,"minecraft:deaths":1,"minecraft:sneak_time":8229,"minecraft:walk_under_water_one_cm":30140,"minecraft:jump":1177,"minecraft:walk_on_water_one_cm":21439,"minecraft:total_world_time":63749,"minecraft:fall_one_cm":31965},"minecraft:picked_up":{"minecraft:crafting_table":3,"minecraft:feather":10,"minecraft:jungle_log":125,"minecraft:leather":13,"minecraft:oak_log":10,"minecraft:moss_carpet":3,"minecraft:bone":1,"minecraft:wheat_seeds":2,"mysticalagriculture:inferium_essence":1,"minecraft:jungle_sapling":1,"minecraft:melon_slice":141,"minecraft:moss_block":1,"minecraft:oak_planks":16,"minecraft:stick":5,"minecraft:raw_iron":19,"minecraft:oak_door":14,"patchouli:guide_book":2,"minecraft:torch":4,"minecraft:gravel":15,"minecraft:light_gray_terracotta":10,"minecraft:arrow":1,"minecraft:granite":1,"minecraft:coal":34,"minecraft:cobblestone":43},"minecraft:killed":{"iceandfire:hippogryph":2,"minecraft:skeleton":1},"minecraft:mined":{"minecraft:oak_door":14,"minecraft:jungle_leaves":6,"minecraft:crafting_table":3,"minecraft:torch":3,"minecraft:granite":1,"minecraft:melon":14,"minecraft:jungle_log":125,"minecraft:dead_bush":1,"minecraft:moss_block":1,"minecraft:iron_ore":19,"minecraft:grass":2,"minecraft:oak_log":10,"minecraft:coal_ore":34,"minecraft:vine":4,"minecraft:gravel":7,"minecraft:stone":43,"minecraft:oak_leaves":2,"minecraft:fern":2},"minecraft:crafted":{"minecraft:oak_door":3,"minecraft:oak_planks":40,"minecraft:crafting_table":2,"minecraft:wooden_pickaxe":1,"minecraft:furnace":1,"minecraft:stone_axe":2,"minecraft:air":0,"minecraft:iron_chestplate":1,"minecraft:shield":1,"minecraft:stick":16,"minecraft:iron_ingot":14,"minecraft:iron_pickaxe":1,"minecraft:stone_pickaxe":1,"minecraft:torch":24},"minecraft:killed_by":{"thermal:blitz":1}},"DataVersion":3465}