{"stats":{"minecraft:picked_up":{"minecraft:iron_chestplate":3,"minecraft:chainmail_boots":1,"mekanism:raw_uranium":27,"minecraft:wither_rose":2,"thermal:basalz_rod":1,"minecraft:string":32,"minecraft:raw_copper":24,"minecraft:iron_leggings":10,"mysticalagriculture:inferium_essence":230,"minecraft:gold_nugget":310,"minecraft:cobbled_deepslate":95,"minecraft:bucket":2,"minecraft:rose_bush":3,"minecraft:enchanted_golden_apple":2,"biomesoplenty:redwood_wood":36,"minecraft:furnace":5,"minecraft:iron_boots":2,"minecraft:stick":4,"iceandfire:ghost_chest":1,"apotheosis:gem":10,"minecraft:torch":4,"thermal:raw_lead":1,"mysticalagriculture:prosperity_shard":65,"minecraft:porkchop":1,"minecraft:pointed_dripstone":3,"minecraft:diorite":1,"mekanism:raw_tin":12,"minecraft:stone_sword":1,"minecraft:rotten_flesh":33,"minecraft:obsidian":267,"minecraft:cobblestone":436,"minecraft:enchanting_table":2,"minecraft:leather_chestplate":1,"minecraft:andesite":34,"minecraft:water_bucket":1,"minecraft:jungle_log":6,"minecraft:golden_leggings":6,"bigreactors:raw_yellorium":13,"minecraft:flint":17,"minecraft:tuff":2,"create:raw_zinc":36,"minecraft:lapis_lazuli":13,"minecraft:dirt":61,"minecraft:name_tag":2,"alltheores:raw_tin":21,"minecraft:bone":38,"minecraft:bow":20,"minecraft:wheat_seeds":16,"minecraft:raw_gold":15,"minecraft:bell":1,"minecraft:grindstone":1,"enderio:dark_steel_sword":1,"mysticalagriculture:soulium_dust":7,"minecraft:glowstone_dust":500,"minecraft:bamboo":11,"minecraft:oak_planks":47,"thermal:raw_tin":8,"spartanweaponry:iron_saber":8,"minecraft:cooked_porkchop":65,"patchouli:guide_book":1,"minecraft:jungle_planks":3,"minecraft:ink_sac":2,"alltheores:raw_nickel":3,"minecraft:diamond":48,"minecraft:crossbow":1,"minecraft:granite":24,"minecraft:golden_apple":1,"minecraft:chainmail_helmet":1,"minecraft:oak_sapling":7,"minecraft:netherrack":204,"alltheores:raw_platinum":58,"iceandfire:raw_silver":7,"minecraft:diamond_pickaxe":3,"minecraft:crafting_table":15,"create_new_age:thorium":73,"biomesoplenty:flesh":30,"thermal:cinnabar":6,"minecraft:diamond_horse_armor":3,"enderio:broken_spawner":1,"minecraft:shield":1,"minecraft:flint_and_steel":7,"minecraft:iron_axe":1,"thermal:raw_nickel":8,"iceandfire:graveyard_soil":3,"minecraft:beef":7,"minecraft:poppy":3,"minecraft:chest":5,"minecraft:raw_iron":182,"alltheores:raw_zinc":88,"minecraft:copper_ingot":1,"alltheores:raw_platinum_block":2,"minecraft:redstone":103,"iceandfire:cyclops_eye":1,"iceandfire:silver_ingot":1,"minecraft:arrow":40,"minecraft:diamond_boots":8,"alltheores:raw_osmium":15,"minecraft:bone_block":31,"minecraft:mutton":15,"minecraft:skeleton_skull":1,"minecraft:white_wool":6,"mekanism:raw_lead":6,"minecraft:salmon":9,"minecraft:leather":13,"minecraft:chainmail_chestplate":2,"minecraft:oak_log":47,"iceandfire:ectoplasm":8,"minecraft:gunpowder":9,"minecraft:golden_boots":6,"rftoolsbase:dimensionalshard":9,"minecraft:apple":1,"minecraft:stone_bricks":1,"minecraft:iron_ingot":60,"minecraft:stone_pickaxe":1,"minecraft:iron_sword":6,"minecraft:book":1,"thermal:blitz_rod":1,"minecraft:smooth_basalt":2,"minecraft:dandelion":1,"minecraft:dripstone_block":9,"minecraft:gravel":140,"powah:uraninite_raw":14,"biomesoplenty:porous_flesh":8,"minecraft:white_bed":6,"minecraft:spruce_log":16,"minecraft:spruce_door":1,"mekanism:raw_osmium":18,"minecraft:spider_eye":2,"minecraft:leather_helmet":1,"biomesoplenty:bramble":111,"minecraft:chainmail_leggings":1,"minecraft:iron_helmet":9,"alltheores:raw_uranium_block":3,"mekanism:fluorite_gem":11,"minecraft:gray_wool":1,"minecraft:lodestone":1,"minecraft:coal":184,"minecraft:ender_pearl":2},"minecraft:broken":{"minecraft:stone_pickaxe":1,"minecraft:wooden_pickaxe":1,"minecraft:iron_pickaxe":2},"minecraft:killed":{"minecraft:cave_spider":5,"minecraft:spider":3,"minecraft:skeleton":24,"minecraft:pig":1,"minecraft:zombie_villager":1,"minecraft:salmon":9,"minecraft:creeper":11,"minecraft:sheep":6,"minecraft:zombie":32,"minecraft:cow":3,"thermal:basalz":1,"iceandfire:cyclops":1,"iceandfire:troll":1,"minecraft:bat":1,"minecraft:squid":1,"iceandfire:ghost":1,"minecraft:enderman":1},"minecraft:dropped":{"minecraft:iron_sword":2,"iceandfire:raw_silver":7,"alltheores:raw_nickel":2,"minecraft:diamond":27,"minecraft:crafting_table":1,"alltheores:raw_zinc":1,"minecraft:leather":6,"minecraft:leather_helmet":1,"minecraft:dirt":5,"minecraft:gold_nugget":1,"minecraft:white_wool":3,"thermal:raw_tin":2,"minecraft:oak_door":2,"minecraft:gravel":69,"minecraft:cobbled_deepslate":14,"minecraft:rotten_flesh":12,"minecraft:oak_planks":92,"minecraft:enchanted_golden_apple":1,"mekanism:raw_tin":2,"patchouli:guide_book":3,"minecraft:poppy":1,"minecraft:leather_chestplate":1,"iceandfire:ghost_chest":1,"mysticalagriculture:inferium_essence":1,"apotheosis:gem":5,"minecraft:chest":1,"minecraft:arrow":64,"biomesoplenty:flesh":8,"thermal:basalz_rod":1,"minecraft:enchanted_book":2,"minecraft:wheat_seeds":8,"minecraft:tnt":2,"minecraft:dripstone_block":3,"minecraft:cobblestone":30,"minecraft:iron_helmet":1,"thermal:blitz_rod":1,"minecraft:book":6,"minecraft:copper_ingot":1,"minecraft:spruce_door":1,"mysticalagriculture:soulium_dust":1,"minecraft:chainmail_helmet":1,"minecraft:coal":5,"minecraft:stick":29,"minecraft:diorite":1,"minecraft:cooked_salmon":64,"minecraft:iron_leggings":1,"mysticalagriculture:prosperity_shard":1,"minecraft:string":5,"minecraft:dandelion":1,"minecraft:stone_sword":1,"minecraft:light_gray_terracotta":10,"thermal:raw_lead":1,"minecraft:tuff":1,"alltheores:raw_osmium":15,"minecraft:stone_shovel":1,"minecraft:iron_boots":1,"minecraft:diamond_chestplate":1,"minecraft:iron_chestplate":1,"minecraft:diamond_pickaxe":1,"minecraft:andesite":17,"minecraft:oak_sapling":5,"minecraft:spider_eye":1,"minecraft:diamond_boots":1,"minecraft:stone_pickaxe":1,"minecraft:bow":6},"minecraft:killed_by":{"minecraft:zombie":3,"thermal:blitz":1,"minecraft:skeleton":1,"iceandfire:troll":1},"minecraft:mined":{"create:deepslate_zinc_ore":7,"minecraft:white_bed":4,"iceandfire:graveyard_soil":3,"thermal:cinnabar_ore":3,"minecraft:sculk_vein":66,"thermal:tin_ore":9,"minecraft:obsidian":3,"minecraft:granite":12,"biomesoplenty:bramble":111,"minecraft:grass_block":6,"biomesoplenty:eyebulb":2,"mysticalagriculture:inferium_ore":52,"minecraft:spawner":1,"biomesoplenty:pus_bubble":6,"minecraft:tall_seagrass":1,"minecraft:iron_ore":45,"minecraft:fire":20,"alltheores:deepslate_lead_ore":1,"bigreactors:yellorite_ore":13,"biomesoplenty:hanging_cobweb":1,"minecraft:sculk_shrieker":1,"iceandfire:gold_pile":30,"biomesoplenty:webbing":16,"powah:uraninite_ore_poor":6,"alltheores:nickel_ore":3,"minecraft:deepslate_redstone_ore":14,"mekanism:osmium_ore":18,"powah:uraninite_ore":1,"biomesoplenty:hanging_cobweb_strand":1,"thermal:lead_ore":1,"minecraft:torch":1,"iceandfire:ghost_chest":1,"alltheores:raw_uranium_block":3,"minecraft:chest":4,"mekanism:tin_ore":9,"minecraft:cobblestone":4,"minecraft:grindstone":1,"powah:deepslate_uraninite_ore_poor":2,"minecraft:skeleton_skull":1,"rftoolsbase:dimensionalshard_overworld":2,"mekanism:fluorite_ore":3,"mysticalagriculture:soulium_ore":1,"alltheores:deepslate_osmium_ore":6,"biomesoplenty:hair":1,"alltheores:tin_ore":21,"minecraft:wither_rose":2,"minecraft:grass":13,"minecraft:oak_log":47,"mekanism:lead_ore":2,"minecraft:dirt":37,"alltheores:raw_platinum_block":2,"thermal:nickel_ore":9,"mysticalagriculture:deepslate_prosperity_ore":19,"minecraft:smooth_basalt":2,"minecraft:netherrack":76,"minecraft:oak_leaves":13,"mysticalagriculture:deepslate_inferium_ore":10,"minecraft:deepslate":615,"create:zinc_ore":29,"mysticalagriculture:prosperity_ore":7,"powah:deepslate_uraninite_ore":2,"minecraft:tuff":2,"alltheores:zinc_ore":90,"iceandfire:silver_ore":7,"minecraft:mossy_cobblestone":64,"minecraft:deepslate_diamond_ore":11,"alltheores:osmium_ore":9,"create_new_age:thorium_ore":22,"minecraft:large_fern":3,"minecraft:redstone_ore":9,"minecraft:furnace":5,"minecraft:andesite":23,"biomesoplenty:flesh":8,"minecraft:bell":1,"alltheores:deepslate_platinum_ore":58,"minecraft:deepslate_iron_ore":131,"minecraft:vine":3,"alltheores:silver_ore":1,"minecraft:bamboo":1,"biomesoplenty:spider_egg":2,"minecraft:stone":228,"minecraft:bone_block":31,"minecraft:podzol":12,"biomesoplenty:porous_flesh":2,"minecraft:crafting_table":13,"minecraft:rose_bush":4,"minecraft:sculk_sensor":2,"minecraft:tall_grass":2,"minecraft:copper_ore":7,"minecraft:deepslate_gold_ore":15,"minecraft:lapis_ore":3,"minecraft:sculk":320,"minecraft:diorite":1,"minecraft:spruce_log":16,"minecraft:birch_leaves":1,"minecraft:coal_ore":107,"minecraft:dripstone_block":4,"minecraft:gravel":159,"mekanism:deepslate_fluorite_ore":1,"biomesoplenty:stringy_cobweb":1,"minecraft:lodestone":1,"minecraft:cobweb":9,"mekanism:deepslate_uranium_ore":27,"alltheores:deepslate_zinc_ore":51,"biomesoplenty:redwood_wood":35,"minecraft:fern":56},"minecraft:used":{"minecraft:chest":12,"minecraft:shield":20,"minecraft:iron_sword":97,"minecraft:iron_chestplate":1,"minecraft:obsidian":14,"minecraft:iron_helmet":1,"minecraft:bow":89,"minecraft:furnace":10,"minecraft:skeleton_skull":1,"biomesoplenty:flesh":6,"minecraft:diamond_boots":2,"minecraft:stone_pickaxe":133,"minecraft:oak_planks":3,"minecraft:ender_pearl":1,"minecraft:wooden_pickaxe":59,"minecraft:crossbow":7,"minecraft:dripstone_block":1,"spartanweaponry:diamond_saber":70,"enderio:dark_steel_sword":12,"projecte:transmutation_table":1,"spartanweaponry:iron_saber":159,"minecraft:bread":2,"minecraft:gravel":26,"minecraft:andesite":2,"minecraft:stone_sword":44,"minecraft:enchanting_table":1,"minecraft:flint_and_steel":10,"minecraft:stone_shovel":102,"biomesoplenty:redwood_planks":36,"minecraft:cooked_salmon":13,"minecraft:netherrack":88,"minecraft:torch":113,"minecraft:dirt":33,"biomesoplenty:redwood_wood":9,"minecraft:iron_axe":42,"spartanweaponry:iron_rapier":154,"minecraft:diamond_chestplate":1,"biomesoplenty:blood_bucket":9,"minecraft:cooked_beef":10,"minecraft:cobbled_deepslate":1,"minecraft:pointed_dripstone":1,"minecraft:iron_leggings":3,"minecraft:cooked_mutton":16,"minecraft:water_bucket":17,"minecraft:crafting_table":13,"minecraft:white_bed":7,"minecraft:diamond_pickaxe":1339,"biomesoplenty:porous_flesh":4,"minecraft:iron_pickaxe":500,"minecraft:golden_leggings":2,"projecte:philosophers_stone":6,"minecraft:cobblestone":40,"minecraft:cooked_porkchop":46,"minecraft:bucket":28},"minecraft:crafted":{"minecraft:oak_planks":164,"minecraft:cooked_mutton":28,"minecraft:diamond_helmet":1,"minecraft:diamond_leggings":1,"minecraft:iron_boots":2,"minecraft:chest":11,"projecte:transmutation_table":1,"spartanweaponry:iron_saber":1,"sophisticatedbackpacks:backpack":1,"minecraft:cooked_porkchop":7,"minecraft:crafting_table":2,"minecraft:wooden_pickaxe":1,"minecraft:iron_helmet":2,"projecte:philosophers_stone":1,"spartanweaponry:iron_rapier":1,"minecraft:iron_chestplate":2,"minecraft:diamond_pickaxe":2,"naturescompass:naturescompass":1,"minecraft:stick":64,"minecraft:compass":1,"minecraft:iron_ingot":56,"minecraft:iron_pickaxe":2,"minecraft:stone_sword":1,"alltheores:raw_uranium":9,"minecraft:stone_shovel":1,"minecraft:furnace":6,"minecraft:flint_and_steel":2,"minecraft:iron_axe":1,"minecraft:stone_pickaxe":1,"sophisticatedbackpacks:iron_backpack":1,"minecraft:cooked_beef":7,"minecraft:enchanting_table":1,"biomesoplenty:redwood_planks":100,"spartanweaponry:handle":3,"minecraft:cooked_salmon":4,"minecraft:bucket":1,"minecraft:air":0,"minecraft:jungle_planks":24,"minecraft:white_wool":3,"mekanism:raw_uranium":18,"alltheores:raw_platinum":18,"spartanweaponry:diamond_saber":1,"minecraft:iron_leggings":1,"minecraft:white_bed":3,"minecraft:torch":136,"minecraft:diamond_chestplate":1},"minecraft:custom":{"minecraft:interact_with_crafting_table":53,"minecraft:leave_game":2,"minecraft:time_since_death":64685,"minecraft:damage_resisted":0,"minecraft:sprint_one_cm":518751,"minecraft:damage_blocked_by_shield":1850,"minecraft:drop":120,"minecraft:play_time":346712,"minecraft:deaths":13,"minecraft:jump":6259,"minecraft:walk_on_water_one_cm":46413,"minecraft:interact_with_furnace":69,"minecraft:sleep_in_bed":5,"minecraft:damage_dealt":19384,"minecraft:crouch_one_cm":24455,"minecraft:mob_kills":108,"minecraft:damage_dealt_resisted":0,"minecraft:climb_one_cm":2731,"minecraft:walk_one_cm":908325,"minecraft:sneak_time":8859,"minecraft:walk_under_water_one_cm":43232,"minecraft:total_world_time":346712,"spartanshields:shield_bash_hits":1,"minecraft:time_since_rest":61764,"minecraft:damage_taken":9888,"minecraft:trigger_trapped_chest":1,"minecraft:swim_one_cm":60874,"minecraft:fly_one_cm":933174,"minecraft:open_chest":157,"minecraft:fall_one_cm":228689}},"DataVersion":3465}