{"stats":{"minecraft:picked_up":{"minecraft:iron_chestplate":5,"biomesoplenty:burning_blossom":19,"minecraft:chainmail_boots":1,"easy_villagers:breeder":2,"minecraft:nether_brick_fence":1,"mekanism:raw_uranium":27,"minecraft:lead":1,"minecraft:wither_rose":2,"minecraft:golden_sword":2,"iceandfire:manuscript":5,"thermal:basalz_rod":1,"minecraft:string":40,"minecraft:raw_copper":24,"minecraft:cooked_salmon":148,"spartanweaponry:diamond_saber":2,"minecraft:red_nether_bricks":4,"minecraft:iron_leggings":10,"minecraft:experience_bottle":2,"minecraft:beetroot":2,"biomesoplenty:brimstone":3,"minecraft:diamond_leggings":2,"mysticalagriculture:inferium_essence":258,"minecraft:gold_nugget":451,"minecraft:cobbled_deepslate":95,"minecraft:bucket":2,"minecraft:rose_bush":3,"minecraft:enchanted_golden_apple":2,"biomesoplenty:redwood_wood":137,"minecraft:iron_boots":3,"minecraft:furnace":5,"minecraft:golden_helmet":1,"iceandfire:ghost_chest":1,"minecraft:stick":5,"apotheosis:gem":18,"thermal:raw_lead":1,"minecraft:torch":4,"mysticalagriculture:prosperity_shard":65,"minecraft:porkchop":1,"minecraft:pointed_dripstone":3,"minecraft:diorite":1,"mekanism:raw_tin":12,"easy_villagers:villager":4,"minecraft:stone_sword":1,"minecraft:rotten_flesh":44,"minecraft:blaze_rod":3,"minecraft:obsidian":267,"minecraft:cobblestone":444,"enderio:loot_capacitor":2,"minecraft:enchanting_table":2,"minecraft:leather_chestplate":1,"minecraft:magma_cream":1,"minecraft:andesite":34,"minecraft:water_bucket":3,"minecraft:jungle_log":6,"minecraft:golden_leggings":7,"bigreactors:raw_yellorium":13,"minecraft:smoker":1,"minecraft:flint":17,"minecraft:tuff":2,"create:raw_zinc":36,"minecraft:lapis_lazuli":13,"minecraft:dirt":86,"minecraft:name_tag":2,"alltheores:raw_tin":53,"minecraft:bone":67,"minecraft:bow":25,"minecraft:wheat_seeds":26,"minecraft:raw_gold":15,"minecraft:bell":2,"projecte:philosophers_stone":2,"minecraft:grindstone":1,"mysticalagriculture:soulium_dust":7,"enderio:dark_steel_sword":1,"minecraft:diamond_helmet":3,"minecraft:bamboo":11,"minecraft:glowstone_dust":500,"minecraft:oak_planks":47,"thermal:raw_tin":16,"spartanweaponry:iron_saber":8,"minecraft:cooked_porkchop":65,"patchouli:guide_book":1,"bigreactors:benitoite_crystal":7,"iceandfire:shiny_scales":4,"minecraft:sand":35,"minecraft:jungle_planks":3,"minecraft:ink_sac":2,"minecraft:barrel":2,"alltheores:raw_nickel":3,"minecraft:diamond":48,"waystones:waystone":2,"minecraft:cracked_polished_blackstone_bricks":12,"minecraft:crossbow":2,"minecraft:granite":24,"minecraft:golden_apple":1,"minecraft:chainmail_helmet":1,"minecraft:bread":2,"minecraft:oak_sapling":7,"minecraft:netherrack":573,"alltheores:raw_platinum":58,"iceandfire:raw_silver":8,"minecraft:crimson_roots":7,"minecraft:diamond_pickaxe":5,"nethersdelight:hoglin_loin":26,"spartanweaponry:cestus":1,"minecraft:crafting_table":15,"create_new_age:thorium":73,"mysticalagriculture:soulstone_cobble":6,"iceandfire:witherbone":3,"minecraft:golden_pickaxe":1,"thermal:cinnabar":6,"minecraft:brown_mushroom":1,"biomesoplenty:flesh":97,"minecraft:gold_block":18,"minecraft:diamond_horse_armor":3,"enderio:broken_spawner":1,"minecraft:shield":2,"minecraft:iron_axe":1,"minecraft:flint_and_steel":7,"thermal:raw_nickel":8,"minecraft:blackstone":16,"iceandfire:graveyard_soil":3,"minecraft:beef":12,"thermal:niter":4,"minecraft:poppy":5,"minecraft:chest":7,"minecraft:spruce_trapdoor":4,"easy_villagers:incubator":1,"minecraft:raw_iron":182,"alltheores:raw_zinc":88,"minecraft:copper_ingot":1,"pipez:item_pipe":16,"minecraft:polished_blackstone_bricks":89,"alltheores:raw_platinum_block":2,"minecraft:trident":1,"minecraft:redstone":166,"minecraft:prismarine_crystals":5,"iceandfire:silver_ingot":1,"minecraft:arrow":211,"iceandfire:sea_serpent_scales_purple":55,"iceandfire:cyclops_eye":4,"minecraft:diamond_chestplate":2,"minecraft:beetroot_seeds":7,"minecraft:nether_bricks":11,"minecraft:diamond_boots":9,"minecraft:gold_ingot":1,"alltheores:raw_osmium":43,"minecraft:mutton":15,"minecraft:skeleton_skull":1,"minecraft:white_wool":9,"minecraft:bone_block":31,"iceandfire:sea_serpent_fang":25,"mekanism:raw_lead":6,"minecraft:salmon":9,"minecraft:leather":21,"easy_villagers:farmer":1,"minecraft:crimson_fungus":1,"minecraft:oak_log":47,"minecraft:chainmail_chestplate":2,"iceandfire:ectoplasm":8,"minecraft:golden_boots":7,"minecraft:gunpowder":13,"alltheores:raw_zinc_block":1,"rftoolsbase:dimensionalshard":246,"minecraft:apple":1,"minecraft:stone_bricks":1,"minecraft:iron_ingot":65,"minecraft:stone_pickaxe":1,"advancedperipherals:chunk_controller":2,"minecraft:iron_sword":6,"minecraft:soul_sand":64,"sophisticatedbackpacks:diamond_backpack":1,"minecraft:book":4,"thermal:blitz_rod":1,"minecraft:smooth_basalt":2,"spartanweaponry:iron_scythe":3,"iceandfire:sea_serpent_scales_green":22,"minecraft:quartz":2,"minecraft:dandelion":1,"minecraft:dripstone_block":9,"minecraft:gravel":140,"powah:uraninite_raw":14,"biomesoplenty:porous_flesh":30,"minecraft:spruce_sapling":11,"minecraft:blast_furnace":2,"minecraft:white_bed":6,"minecraft:spruce_log":32,"minecraft:nether_brick_slab":3,"minecraft:spider_eye":4,"mekanism:raw_osmium":21,"minecraft:spruce_door":1,"minecraft:leather_helmet":1,"biomesoplenty:bramble":291,"minecraft:chainmail_leggings":2,"minecraft:iron_helmet":9,"mekanism:fluorite_gem":11,"alltheores:raw_uranium_block":3,"minecraft:gray_wool":1,"naturescompass:naturescompass":2,"minecraft:lodestone":1,"minecraft:coal":187,"minecraft:ender_pearl":6},"minecraft:broken":{"minecraft:stone_pickaxe":1,"minecraft:wooden_pickaxe":1,"minecraft:iron_pickaxe":2,"minecraft:golden_pickaxe":1},"minecraft:killed":{"minecraft:cave_spider":6,"minecraft:spider":10,"minecraft:skeleton":35,"minecraft:piglin_brute":16,"thermal:blitz":1,"minecraft:magma_cube":40,"minecraft:piglin":54,"minecraft:pig":1,"minecraft:zombie_villager":1,"minecraft:salmon":9,"minecraft:creeper":14,"minecraft:sheep":6,"minecraft:zombie":49,"minecraft:ghast":4,"minecraft:stray":1,"minecraft:blaze":9,"iceandfire:sea_serpent":3,"minecraft:cow":5,"thermal:basalz":1,"iceandfire:siren":1,"minecraft:drowned":1,"iceandfire:cyclops":1,"iceandfire:troll":1,"minecraft:bat":1,"minecraft:hoglin":13,"minecraft:squid":1,"iceandfire:ghost":1,"minecraft:wither_skeleton":6,"minecraft:enderman":2},"minecraft:dropped":{"minecraft:iron_sword":2,"iceandfire:raw_silver":7,"alltheores:raw_nickel":2,"minecraft:diamond":27,"minecraft:crafting_table":1,"alltheores:raw_zinc":1,"minecraft:crossbow":1,"minecraft:leather":6,"minecraft:leather_helmet":1,"minecraft:cracked_polished_blackstone_bricks":3,"minecraft:dirt":5,"minecraft:crimson_roots":1,"minecraft:gold_nugget":1,"minecraft:polished_blackstone_bricks":1,"mysticalagriculture:soulstone_cobble":6,"minecraft:white_wool":3,"biomesoplenty:burning_blossom":19,"minecraft:bone":2,"thermal:raw_tin":2,"minecraft:gravel":69,"minecraft:oak_door":2,"biomesoplenty:bramble":231,"minecraft:cobbled_deepslate":14,"minecraft:grindstone":1,"minecraft:rotten_flesh":14,"minecraft:oak_planks":92,"minecraft:enchanted_golden_apple":1,"minecraft:nether_brick_fence":1,"mekanism:raw_tin":2,"patchouli:guide_book":3,"minecraft:poppy":3,"minecraft:leather_chestplate":1,"iceandfire:ghost_chest":1,"mysticalagriculture:inferium_essence":5,"apotheosis:gem":5,"minecraft:chest":1,"minecraft:arrow":64,"biomesoplenty:flesh":11,"minecraft:netherrack":193,"thermal:basalz_rod":1,"minecraft:enchanted_book":2,"minecraft:wheat_seeds":9,"minecraft:tnt":2,"minecraft:dripstone_block":3,"thermal:blitz_rod":1,"minecraft:iron_helmet":1,"minecraft:cobblestone":30,"minecraft:book":6,"minecraft:apple":2,"minecraft:copper_ingot":1,"minecraft:spruce_door":1,"mysticalagriculture:soulium_dust":1,"minecraft:chainmail_helmet":1,"minecraft:coal":5,"minecraft:stick":29,"minecraft:diorite":1,"biomesoplenty:brimstone":3,"minecraft:cooked_salmon":64,"minecraft:iron_leggings":1,"mysticalagriculture:prosperity_shard":1,"minecraft:chainmail_leggings":1,"minecraft:string":7,"spartanweaponry:iron_battle_hammer":1,"minecraft:dandelion":1,"minecraft:nether_brick_slab":2,"minecraft:sweet_berries":6,"minecraft:stone_sword":1,"minecraft:light_gray_terracotta":10,"thermal:raw_lead":1,"alltheores:raw_osmium":15,"minecraft:tuff":1,"minecraft:stone_shovel":1,"minecraft:iron_boots":1,"minecraft:nether_bricks":11,"minecraft:potato":8,"minecraft:diamond_chestplate":1,"minecraft:diamond_pickaxe":1,"minecraft:iron_chestplate":2,"minecraft:andesite":17,"minecraft:oak_sapling":5,"minecraft:spider_eye":1,"minecraft:diamond_boots":1,"minecraft:bow":6,"minecraft:stone_pickaxe":1},"minecraft:killed_by":{"iceandfire:sea_serpent":3,"minecraft:zombie":4,"thermal:blitz":1,"minecraft:skeleton":1,"iceandfire:troll":1},"minecraft:mined":{"create:deepslate_zinc_ore":7,"minecraft:white_bed":4,"iceandfire:graveyard_soil":3,"thermal:cinnabar_ore":3,"minecraft:sculk_vein":66,"minecraft:red_nether_bricks":4,"biomesoplenty:brimstone":3,"thermal:tin_ore":17,"minecraft:spruce_trapdoor":4,"minecraft:obsidian":3,"biomesoplenty:burning_blossom":14,"biomesoplenty:bramble":387,"minecraft:granite":12,"minecraft:grass_block":6,"minecraft:cracked_polished_blackstone_bricks":13,"biomesoplenty:eyebulb":2,"mysticalagriculture:inferium_ore":52,"biomesoplenty:pus_bubble":6,"minecraft:spawner":1,"biomesoplenty:blackstone_bulb":2,"minecraft:tall_seagrass":1,"biomesoplenty:bramble_leaves":3,"minecraft:polished_blackstone_bricks":90,"alltheores:nether_tin_ore":1,"minecraft:iron_ore":45,"alltheores:deepslate_lead_ore":1,"minecraft:barrel":2,"minecraft:fire":49,"bigreactors:yellorite_ore":13,"easy_villagers:breeder":2,"biomesoplenty:hanging_cobweb":1,"bigreactors:benitoite_ore":7,"minecraft:sculk_shrieker":1,"iceandfire:gold_pile":30,"biomesoplenty:webbing":16,"powah:uraninite_ore_poor":6,"alltheores:nickel_ore":3,"minecraft:deepslate_redstone_ore":14,"mekanism:osmium_ore":21,"minecraft:blackstone":17,"minecraft:crimson_nylium":1,"minecraft:smoker":1,"powah:uraninite_ore":1,"thermal:lead_ore":1,"biomesoplenty:hanging_cobweb_strand":1,"minecraft:torch":1,"minecraft:blast_furnace":1,"alltheores:raw_uranium_block":3,"iceandfire:ghost_chest":1,"minecraft:chest":6,"create:scoria":1,"mekanism:tin_ore":9,"minecraft:nether_brick_slab":4,"easy_villagers:farmer":1,"minecraft:nether_quartz_ore":2,"minecraft:cobblestone":4,"minecraft:grindstone":1,"powah:deepslate_uraninite_ore_poor":2,"minecraft:skeleton_skull":1,"rftoolsbase:dimensionalshard_overworld":2,"alltheores:deepslate_osmium_ore":6,"mekanism:fluorite_ore":3,"mysticalagriculture:soulium_ore":1,"biomesoplenty:hair":1,"alltheores:tin_ore":53,"minecraft:wither_rose":2,"thermal:niter_ore":1,"minecraft:grass":17,"minecraft:oak_log":47,"mekanism:lead_ore":2,"minecraft:sand":35,"minecraft:dirt":56,"alltheores:raw_platinum_block":2,"thermal:nickel_ore":9,"mysticalagriculture:deepslate_prosperity_ore":19,"minecraft:smooth_basalt":2,"minecraft:deepslate":615,"minecraft:netherrack":587,"minecraft:oak_leaves":13,"mysticalagriculture:deepslate_inferium_ore":10,"create:zinc_ore":29,"minecraft:nether_gold_ore":36,"mysticalagriculture:prosperity_ore":7,"powah:deepslate_uraninite_ore":2,"minecraft:tuff":2,"mysticalagriculture:soulstone":6,"iceandfire:silver_ore":8,"alltheores:zinc_ore":90,"minecraft:mossy_cobblestone":64,"minecraft:deepslate_diamond_ore":11,"alltheores:osmium_ore":37,"minecraft:crimson_roots":3,"create_new_age:thorium_ore":22,"minecraft:spruce_leaves":2,"biomesoplenty:dead_grass":8,"minecraft:large_fern":17,"minecraft:redstone_ore":9,"minecraft:furnace":5,"minecraft:andesite":23,"biomesoplenty:flesh":139,"minecraft:gold_block":18,"minecraft:bell":1,"minecraft:bookshelf":1,"minecraft:deepslate_iron_ore":131,"minecraft:vine":3,"alltheores:deepslate_platinum_ore":58,"alltheores:silver_ore":1,"alltheores:aluminum_ore":1,"minecraft:bamboo":1,"minecraft:stone":237,"biomesoplenty:spider_egg":2,"minecraft:bone_block":31,"minecraft:white_wool":3,"minecraft:podzol":19,"biomesoplenty:porous_flesh":24,"alltheores:raw_zinc_block":1,"minecraft:soul_sand":64,"pipez:item_pipe":16,"minecraft:crafting_table":13,"alltheores:nether_aluminum_ore":3,"rftoolsbase:dimensionalshard_nether":56,"minecraft:rose_bush":4,"minecraft:sculk_sensor":2,"minecraft:copper_ore":7,"minecraft:tall_grass":2,"biomesoplenty:sprout":15,"minecraft:lapis_ore":3,"minecraft:deepslate_gold_ore":15,"minecraft:sculk":320,"minecraft:diorite":1,"easy_villagers:incubator":1,"minecraft:birch_leaves":1,"minecraft:spruce_log":16,"minecraft:coal_ore":107,"biomesoplenty:redwood_leaves":1,"mekanism:deepslate_fluorite_ore":1,"minecraft:gravel":159,"minecraft:dripstone_block":4,"mekanism:deepslate_uranium_ore":27,"minecraft:lodestone":1,"biomesoplenty:stringy_cobweb":1,"minecraft:cobweb":10,"alltheores:deepslate_zinc_ore":51,"biomesoplenty:redwood_wood":138,"minecraft:fern":109},"minecraft:used":{"easy_villagers:breeder":3,"minecraft:chest":14,"minecraft:iron_sword":97,"mekanism:basic_fluid_tank":1,"minecraft:shield":26,"minecraft:iron_chestplate":1,"spartanweaponry:diamond_rapier":352,"sophisticatedbackpacks:diamond_backpack":1,"minecraft:obsidian":14,"minecraft:iron_helmet":1,"minecraft:bow":277,"pipez:item_pipe":19,"minecraft:furnace":10,"minecraft:skeleton_skull":1,"biomesoplenty:flesh":41,"minecraft:diamond_boots":2,"minecraft:oak_planks":3,"minecraft:stone_pickaxe":133,"minecraft:ender_pearl":1,"minecraft:wooden_pickaxe":59,"minecraft:diamond_axe":115,"minecraft:white_wool":3,"minecraft:crossbow":8,"minecraft:dripstone_block":1,"spartanweaponry:diamond_saber":441,"enderio:dark_steel_sword":12,"waystones:waystone":1,"projecte:transmutation_table":1,"spartanweaponry:iron_saber":159,"minecraft:bread":2,"farmersdelight:ham":2,"minecraft:gravel":26,"nethersdelight:hoglin_sirloin":5,"minecraft:andesite":2,"minecraft:golden_pickaxe":32,"spartanweaponry:iron_scythe":2,"minecraft:stone_sword":44,"minecraft:flint_and_steel":10,"minecraft:enchanting_table":2,"spartanweaponry:cestus":90,"biomesoplenty:redwood_planks":36,"minecraft:stone_shovel":102,"minecraft:cooked_salmon":60,"minecraft:netherrack":179,"minecraft:torch":113,"minecraft:dirt":97,"minecraft:anvil":2,"minecraft:hopper":2,"minecraft:bookshelf":28,"biomesoplenty:redwood_wood":68,"minecraft:iron_axe":42,"spartanweaponry:iron_rapier":154,"easy_villagers:trader":1,"minecraft:barrel":3,"minecraft:diamond_chestplate":2,"minecraft:golden_carrot":26,"biomesoplenty:blood_bucket":134,"easy_villagers:incubator":2,"minecraft:pointed_dripstone":1,"minecraft:cooked_beef":10,"minecraft:cobbled_deepslate":1,"minecraft:iron_leggings":3,"minecraft:cooked_mutton":16,"minecraft:water_bucket":23,"easy_villagers:farmer":2,"minecraft:polished_blackstone_bricks":20,"minecraft:crafting_table":13,"minecraft:white_bed":7,"iceandfire:tide_purple_leggings":1,"farmersdelight:smoked_ham":2,"minecraft:diamond_pickaxe":2251,"minecraft:diamond_shovel":13,"minecraft:cracked_polished_blackstone_bricks":4,"biomesoplenty:porous_flesh":26,"minecraft:iron_pickaxe":500,"minecraft:spruce_trapdoor":6,"minecraft:golden_leggings":2,"projecte:philosophers_stone":12,"minecraft:cobblestone":40,"minecraft:cooked_porkchop":46,"minecraft:bucket":159},"minecraft:crafted":{"bigreactors:graphite_ingot":7,"pipez:wrench":1,"minecraft:oak_planks":164,"minecraft:barrel":1,"iceandfire:tide_purple_leggings":1,"iceandfire:tide_purple_boots":1,"pipez:item_pipe":16,"biomesoplenty:redwood_slab":6,"projecte:red_matter_block":1,"easy_villagers:incubator":1,"minecraft:bookshelf":21,"minecraft:cooked_mutton":28,"iceandfire:tide_purple_chestplate":1,"iceandfire:tide_purple_helmet":1,"nethersdelight:hoglin_sirloin":24,"projecte:dark_matter_block":1,"minecraft:glass":1,"minecraft:hopper":1,"minecraft:diamond_helmet":1,"minecraft:diamond_leggings":1,"minecraft:iron_boots":2,"minecraft:chest":11,"mekanism:basic_fluid_tank":1,"projecte:transmutation_table":1,"easy_villagers:trader":1,"spartanweaponry:iron_saber":1,"projecte:dark_matter":1,"minecraft:dropper":9,"sophisticatedbackpacks:backpack":2,"minecraft:cooked_porkchop":7,"projecte:red_matter":1,"minecraft:diamond_axe":1,"minecraft:crafting_table":2,"minecraft:spruce_planks":16,"projecte:mobius_fuel":16,"minecraft:wooden_pickaxe":1,"minecraft:iron_helmet":2,"projecte:philosophers_stone":1,"spartanweaponry:iron_rapier":1,"minecraft:spruce_trapdoor":4,"minecraft:lectern":1,"minecraft:iron_chestplate":2,"minecraft:diamond_pickaxe":2,"naturescompass:naturescompass":1,"sophisticatedbackpacks:diamond_backpack":1,"minecraft:stick":64,"minecraft:iron_ingot":56,"minecraft:compass":2,"minecraft:iron_pickaxe":2,"minecraft:stone_sword":1,"alltheores:raw_uranium":9,"minecraft:stone_shovel":1,"minecraft:iron_nugget":32,"minecraft:furnace":6,"refinedstorage:cover":54,"spartanweaponry:diamond_rapier":1,"minecraft:diamond_block":1,"minecraft:glass_pane":160,"minecraft:flint_and_steel":2,"projecte:aeternalis_fuel":16,"minecraft:iron_axe":1,"minecraft:stone_pickaxe":1,"minecraft:netherite_scrap":4,"sophisticatedbackpacks:iron_backpack":2,"minecraft:cooked_beef":7,"easy_villagers:farmer":1,"minecraft:enchanting_table":1,"biomesoplenty:redwood_planks":124,"spartanweaponry:handle":4,"minecraft:cooked_salmon":11,"sophisticatedbackpacks:gold_backpack":1,"minecraft:bucket":1,"minecraft:enchanted_book":14,"minecraft:air":0,"minecraft:jungle_planks":24,"iceandfire:sea_serpent_arrow":84,"projecte:alchemical_coal":14,"minecraft:white_wool":3,"alltheores:raw_platinum":18,"mekanism:raw_uranium":18,"easy_villagers:breeder":1,"minecraft:iron_leggings":1,"spartanweaponry:diamond_saber":1,"minecraft:anvil":1,"minecraft:white_bed":4,"minecraft:torch":136,"minecraft:diamond_chestplate":1},"minecraft:custom":{"minecraft:interact_with_crafting_table":120,"minecraft:open_barrel":55,"minecraft:leave_game":5,"minecraft:time_since_death":6071,"minecraft:damage_resisted":0,"minecraft:sprint_one_cm":1012447,"minecraft:damage_blocked_by_shield":1985,"minecraft:drop":168,"minecraft:talked_to_villager":3,"minecraft:play_time":683248,"minecraft:deaths":18,"minecraft:jump":9864,"minecraft:walk_on_water_one_cm":78712,"minecraft:interact_with_furnace":87,"minecraft:traded_with_villager":14,"minecraft:sleep_in_bed":10,"minecraft:waystone_activated":1,"minecraft:damage_dealt":56805,"minecraft:crouch_one_cm":42725,"minecraft:interact_with_anvil":7,"minecraft:mob_kills":305,"minecraft:inspect_hopper":18,"minecraft:damage_dealt_resisted":0,"minecraft:climb_one_cm":4026,"minecraft:walk_one_cm":1345495,"minecraft:sneak_time":15229,"minecraft:walk_under_water_one_cm":68752,"minecraft:total_world_time":683248,"spartanshields:shield_bash_hits":1,"minecraft:time_since_rest":3680,"minecraft:damage_taken":17021,"minecraft:trigger_trapped_chest":2,"minecraft:swim_one_cm":116378,"minecraft:fly_one_cm":1555727,"minecraft:open_chest":239,"minecraft:fall_one_cm":315676}},"DataVersion":3465}