{"stats":{"minecraft:picked_up":{"minecraft:iron_chestplate":5,"easy_villagers:breeder":2,"minecraft:chainmail_boots":1,"mekanism:raw_uranium":27,"minecraft:lead":1,"minecraft:wither_rose":2,"minecraft:golden_sword":2,"iceandfire:manuscript":5,"minecraft:string":44,"minecraft:cooked_salmon":148,"minecraft:red_nether_bricks":4,"minecraft:beetroot":2,"minecraft:cobbled_deepslate":95,"minecraft:gold_nugget":451,"minecraft:diamond_leggings":2,"mysticalagriculture:inferium_essence":259,"minecraft:enchanted_golden_apple":2,"biomesoplenty:redwood_wood":138,"minecraft:golden_helmet":1,"mysticalagriculture:prosperity_shard":76,"alltheores:raw_tin_block":2,"mekanism:raw_tin":25,"mob_grinding_utils:rotten_egg":1,"easy_villagers:villager":4,"minecraft:stone_sword":1,"mekanism:basic_fluid_tank":5,"minecraft:blaze_rod":3,"minecraft:feather":4,"minecraft:water_bucket":3,"minecraft:jungle_log":6,"minecraft:smoker":1,"minecraft:flint":17,"ad_astra:coal_generator":1,"projecte:philosophers_stone":2,"enderio:dark_steel_sword":1,"mysticalagriculture:soulium_dust":7,"minecraft:diamond_helmet":3,"minecraft:glowstone_dust":501,"alltheores:raw_nickel_block":5,"spartanweaponry:iron_saber":8,"patchouli:guide_book":1,"bigreactors:benitoite_crystal":7,"iceandfire:shiny_scales":4,"minecraft:ink_sac":2,"minecraft:barrel":2,"minecraft:granite":24,"minecraft:chainmail_helmet":1,"minecraft:bread":2,"alltheores:raw_platinum":58,"minecraft:crimson_roots":7,"iceandfire:raw_silver":9,"minecraft:diamond_pickaxe":5,"spartanweaponry:cestus":1,"minecraft:crafting_table":15,"iceandfire:witherbone":3,"minecraft:golden_pickaxe":1,"minecraft:flint_and_steel":7,"thermal:raw_nickel":12,"iceandfire:graveyard_soil":3,"minecraft:beef":12,"thermal:niter":4,"minecraft:poppy":5,"minecraft:chest":7,"alltheores:raw_zinc":201,"pipez:item_pipe":16,"minecraft:carrot":1,"minecraft:redstone":203,"minecraft:prismarine_crystals":5,"minecraft:diamond_chestplate":2,"minecraft:beetroot_seeds":8,"minecraft:diamond_boots":9,"minecraft:gold_ingot":1,"alltheores:raw_osmium":43,"minecraft:mutton":15,"thermal:machine_centrifuge":1,"minecraft:bone_block":31,"minecraft:white_wool":9,"iceandfire:sea_serpent_fang":25,"mekanism:raw_lead":6,"easy_villagers:farmer":1,"minecraft:oak_log":47,"minecraft:golden_boots":7,"minecraft:apple":1,"minecraft:stone_bricks":46,"minecraft:stone_pickaxe":1,"minecraft:iron_sword":6,"thermal:blitz_rod":1,"minecraft:smooth_basalt":2,"iceandfire:sea_serpent_scales_green":22,"minecraft:gravel":140,"powah:uraninite_raw":14,"minecraft:spruce_sapling":11,"minecraft:spruce_log":32,"minecraft:leather_helmet":1,"minecraft:slime_ball":8,"alltheores:raw_silver":183,"minecraft:gray_wool":1,"naturescompass:naturescompass":2,"minecraft:lodestone":1,"minecraft:ender_pearl":6,"biomesoplenty:burning_blossom":19,"minecraft:redstone_block":1,"minecraft:nether_brick_fence":1,"thermal:basalz_rod":1,"minecraft:raw_copper":57,"spartanweaponry:diamond_saber":2,"minecraft:iron_leggings":10,"minecraft:experience_bottle":2,"biomesoplenty:brimstone":3,"minecraft:bucket":5,"minecraft:rose_bush":3,"minecraft:furnace":5,"minecraft:iron_boots":3,"iceandfire:ghost_chest":1,"minecraft:stick":5,"apotheosis:gem":18,"thermal:raw_lead":1,"minecraft:torch":6,"minecraft:porkchop":1,"minecraft:pointed_dripstone":3,"minecraft:diorite":1,"minecraft:rotten_flesh":50,"minecraft:obsidian":267,"minecraft:cobblestone":459,"minecraft:enchanting_table":2,"enderio:loot_capacitor":2,"minecraft:leather_chestplate":1,"minecraft:magma_cream":1,"minecraft:andesite":34,"bigreactors:raw_yellorium":13,"minecraft:golden_leggings":7,"minecraft:tuff":2,"create:raw_zinc":43,"minecraft:lapis_lazuli":13,"minecraft:dirt":154,"minecraft:name_tag":2,"alltheores:raw_tin":163,"minecraft:bone":68,"minecraft:bow":26,"minecraft:wheat_seeds":30,"minecraft:raw_gold":15,"minecraft:bell":2,"minecraft:grindstone":1,"minecraft:bamboo":11,"minecraft:oak_planks":47,"thermal:raw_tin":16,"minecraft:cooked_porkchop":65,"alltheores:raw_lead":29,"minecraft:jungle_planks":3,"minecraft:sand":35,"mob_grinding_utils:fan":4,"alltheores:raw_nickel":122,"minecraft:diamond":48,"waystones:waystone":2,"minecraft:cracked_polished_blackstone_bricks":12,"minecraft:crossbow":2,"minecraft:golden_apple":1,"mob_grinding_utils:tinted_glass":3,"minecraft:oak_sapling":7,"minecraft:netherrack":573,"nethersdelight:hoglin_loin":26,"create_new_age:thorium":73,"mysticalagriculture:soulstone_cobble":6,"thermal:raw_silver":6,"biomesoplenty:flesh":97,"minecraft:brown_mushroom":1,"thermal:cinnabar":6,"minecraft:gold_block":18,"minecraft:diamond_horse_armor":3,"enderio:broken_spawner":1,"minecraft:shield":2,"minecraft:iron_axe":1,"minecraft:blackstone":16,"thermal:machine_bottler":1,"minecraft:spruce_trapdoor":4,"minecraft:raw_iron":182,"easy_villagers:incubator":1,"minecraft:copper_ingot":1,"minecraft:polished_blackstone_bricks":89,"alltheores:raw_platinum_block":2,"minecraft:trident":1,"iceandfire:cyclops_eye":4,"iceandfire:silver_ingot":1,"iceandfire:sea_serpent_scales_purple":55,"minecraft:arrow":214,"minecraft:nether_bricks":11,"minecraft:skeleton_skull":1,"minecraft:golden_carrot":1,"minecraft:salmon":9,"minecraft:leather":21,"minecraft:crimson_fungus":1,"minecraft:chainmail_chestplate":2,"iceandfire:ectoplasm":8,"minecraft:gunpowder":13,"alltheores:raw_zinc_block":4,"rftoolsbase:dimensionalshard":246,"minecraft:iron_ingot":65,"advancedperipherals:chunk_controller":2,"minecraft:soul_sand":64,"sophisticatedbackpacks:diamond_backpack":1,"minecraft:book":4,"spartanweaponry:iron_scythe":3,"minecraft:dripstone_block":9,"minecraft:quartz":2,"minecraft:dandelion":1,"biomesoplenty:porous_flesh":30,"minecraft:blast_furnace":2,"minecraft:white_bed":6,"minecraft:nether_brick_slab":3,"minecraft:spruce_door":1,"mekanism:raw_osmium":24,"minecraft:spider_eye":4,"biomesoplenty:bramble":291,"minecraft:chainmail_leggings":2,"minecraft:iron_helmet":9,"mekanism:fluorite_gem":11,"alltheores:raw_uranium_block":3,"minecraft:coal":248},"minecraft:broken":{"minecraft:wooden_pickaxe":1,"minecraft:iron_pickaxe":2,"minecraft:stone_pickaxe":1,"minecraft:golden_pickaxe":1},"minecraft:killed":{"minecraft:cave_spider":7,"minecraft:skeleton":38,"thermal:blitz":1,"minecraft:magma_cube":40,"minecraft:salmon":9,"minecraft:zombie":55,"iceandfire:sea_serpent":3,"minecraft:cow":5,"thermal:basalz":1,"iceandfire:siren":1,"iceandfire:cyclops":1,"iceandfire:ghost":1,"minecraft:enderman":2,"minecraft:witch":1,"minecraft:spider":11,"minecraft:piglin_brute":16,"minecraft:piglin":54,"minecraft:pig":1,"minecraft:zombie_villager":1,"minecraft:creeper":14,"minecraft:sheep":6,"minecraft:trader_llama":1,"minecraft:stray":1,"minecraft:ghast":4,"minecraft:blaze":9,"minecraft:slime":11,"minecraft:drowned":1,"iceandfire:troll":1,"minecraft:bat":1,"minecraft:hoglin":13,"minecraft:squid":1,"minecraft:wither_skeleton":6},"minecraft:dropped":{"minecraft:iron_sword":2,"iceandfire:raw_silver":7,"minecraft:glass_bottle":64,"minecraft:diamond":27,"minecraft:crafting_table":1,"minecraft:crossbow":1,"minecraft:leather_helmet":1,"minecraft:dirt":5,"minecraft:gold_nugget":1,"mysticalagriculture:soulstone_cobble":6,"minecraft:white_wool":3,"minecraft:bone":2,"thermal:raw_tin":2,"minecraft:oak_door":2,"minecraft:cobbled_deepslate":14,"minecraft:rotten_flesh":14,"minecraft:grindstone":1,"minecraft:oak_planks":92,"minecraft:enchanted_golden_apple":1,"minecraft:nether_brick_fence":1,"mekanism:raw_tin":2,"iceandfire:ghost_chest":1,"mysticalagriculture:inferium_essence":5,"apotheosis:gem":5,"thermal:basalz_rod":1,"minecraft:enchanted_book":2,"minecraft:wheat_seeds":9,"minecraft:tnt":2,"minecraft:dripstone_block":3,"minecraft:iron_helmet":1,"minecraft:cobblestone":47,"minecraft:book":6,"minecraft:apple":2,"minecraft:spruce_door":1,"minecraft:chainmail_helmet":1,"minecraft:coal":5,"minecraft:golden_carrot":3,"biomesoplenty:brimstone":3,"minecraft:cooked_salmon":64,"minecraft:chainmail_leggings":1,"minecraft:string":7,"minecraft:stone_sword":1,"minecraft:stone_shovel":1,"minecraft:iron_boots":1,"minecraft:nether_bricks":11,"minecraft:potato":8,"minecraft:diamond_pickaxe":1,"minecraft:spider_eye":1,"minecraft:bow":6,"alltheores:raw_nickel":2,"alltheores:raw_zinc":1,"minecraft:leather":6,"minecraft:cracked_polished_blackstone_bricks":3,"minecraft:crimson_roots":1,"minecraft:polished_blackstone_bricks":1,"biomesoplenty:burning_blossom":19,"minecraft:gravel":69,"biomesoplenty:bramble":231,"patchouli:guide_book":3,"minecraft:poppy":3,"minecraft:leather_chestplate":1,"minecraft:beetroot_seeds":1,"minecraft:chest":1,"minecraft:arrow":64,"biomesoplenty:flesh":11,"minecraft:netherrack":193,"thermal:blitz_rod":1,"minecraft:copper_ingot":1,"mysticalagriculture:soulium_dust":1,"minecraft:stick":29,"minecraft:diorite":1,"minecraft:iron_leggings":1,"mysticalagriculture:prosperity_shard":1,"minecraft:dandelion":1,"spartanweaponry:iron_battle_hammer":1,"minecraft:nether_brick_slab":2,"minecraft:sweet_berries":6,"minecraft:light_gray_terracotta":10,"thermal:raw_lead":1,"minecraft:tuff":1,"alltheores:raw_osmium":15,"minecraft:diamond_chestplate":1,"minecraft:iron_chestplate":2,"minecraft:andesite":17,"minecraft:oak_sapling":5,"minecraft:diamond_boots":1,"minecraft:stone_pickaxe":1},"minecraft:killed_by":{"minecraft:zombie":4,"iceandfire:sea_serpent":3,"thermal:blitz":1,"minecraft:skeleton":1,"iceandfire:troll":1},"minecraft:mined":{"minecraft:white_bed":4,"thermal:cinnabar_ore":3,"minecraft:red_nether_bricks":4,"biomesoplenty:brimstone":3,"thermal:tin_ore":17,"minecraft:obsidian":3,"biomesoplenty:burning_blossom":14,"minecraft:granite":12,"biomesoplenty:bramble":387,"thermal:machine_centrifuge":1,"biomesoplenty:eyebulb":2,"mysticalagriculture:inferium_ore":52,"minecraft:spawner":1,"minecraft:polished_blackstone_bricks":90,"minecraft:tall_seagrass":1,"alltheores:nether_tin_ore":1,"minecraft:fire":59,"minecraft:barrel":2,"bigreactors:yellorite_ore":13,"easy_villagers:breeder":2,"minecraft:sculk_shrieker":1,"iceandfire:gold_pile":30,"biomesoplenty:webbing":16,"powah:uraninite_ore_poor":6,"alltheores:nickel_ore":9,"mekanism:osmium_ore":21,"minecraft:smoker":1,"minecraft:crimson_nylium":1,"powah:uraninite_ore":1,"minecraft:torch":3,"minecraft:blast_furnace":1,"create:scoria":1,"mekanism:tin_ore":15,"minecraft:nether_brick_slab":4,"easy_villagers:farmer":1,"powah:deepslate_uraninite_ore_poor":2,"minecraft:skeleton_skull":1,"rftoolsbase:dimensionalshard_overworld":2,"mysticalagriculture:soulium_ore":1,"alltheores:deepslate_osmium_ore":6,"alltheores:tin_ore":106,"minecraft:wither_rose":2,"minecraft:grass":28,"thermal:niter_ore":1,"mekanism:lead_ore":4,"alltheores:raw_platinum_block":2,"minecraft:smooth_basalt":2,"mysticalagriculture:deepslate_inferium_ore":10,"minecraft:deepslate":615,"create:zinc_ore":30,"powah:deepslate_uraninite_ore":2,"mysticalagriculture:soulstone":6,"iceandfire:silver_ore":9,"minecraft:mossy_cobblestone":64,"alltheores:osmium_ore":37,"minecraft:crimson_roots":3,"alltheores:deepslate_silver_ore":202,"create_new_age:thorium_ore":22,"thermal:deepslate_nickel_ore":4,"biomesoplenty:dead_grass":8,"minecraft:redstone_ore":15,"minecraft:andesite":23,"biomesoplenty:flesh":139,"alltheores:lead_ore":29,"minecraft:vine":3,"alltheores:silver_ore":16,"alltheores:aluminum_ore":1,"minecraft:bamboo":1,"minecraft:bone_block":31,"minecraft:white_wool":3,"biomesoplenty:porous_flesh":24,"alltheores:raw_zinc_block":4,"minecraft:redstone_block":1,"minecraft:soul_sand":64,"alltheores:raw_nickel_block":5,"rftoolsbase:dimensionalshard_nether":56,"minecraft:tall_grass":2,"minecraft:copper_ore":16,"minecraft:deepslate_gold_ore":15,"alltheores:raw_tin_block":2,"minecraft:diorite":1,"easy_villagers:incubator":1,"minecraft:spruce_log":16,"minecraft:birch_leaves":1,"minecraft:dripstone_block":4,"minecraft:gravel":159,"mekanism:deepslate_fluorite_ore":1,"thermal:machine_bottler":1,"biomesoplenty:stringy_cobweb":1,"minecraft:cobweb":11,"mekanism:deepslate_uranium_ore":27,"minecraft:stone_bricks":45,"alltheores:deepslate_zinc_ore":148,"minecraft:fern":111,"create:deepslate_zinc_ore":13,"iceandfire:graveyard_soil":3,"minecraft:sculk_vein":66,"minecraft:spruce_trapdoor":4,"minecraft:grass_block":68,"minecraft:cracked_polished_blackstone_bricks":13,"biomesoplenty:pus_bubble":6,"biomesoplenty:blackstone_bulb":2,"biomesoplenty:bramble_leaves":3,"minecraft:iron_ore":45,"alltheores:deepslate_lead_ore":1,"biomesoplenty:hanging_cobweb":4,"bigreactors:benitoite_ore":7,"mob_grinding_utils:tinted_glass":3,"minecraft:deepslate_redstone_ore":16,"mob_grinding_utils:fan":4,"minecraft:blackstone":17,"mob_grinding_utils:dreadful_dirt":1,"biomesoplenty:hanging_cobweb_strand":2,"thermal:lead_ore":1,"iceandfire:ghost_chest":1,"alltheores:raw_uranium_block":3,"minecraft:chest":6,"minecraft:nether_quartz_ore":2,"minecraft:cobblestone":4,"minecraft:grindstone":1,"alltheores:deepslate_nickel_ore":113,"minecraft:wall_torch":1,"mekanism:fluorite_ore":3,"biomesoplenty:hair":1,"mekanism:deepslate_tin_ore":7,"minecraft:oak_log":47,"minecraft:sand":35,"minecraft:dirt":63,"thermal:nickel_ore":9,"mysticalagriculture:deepslate_prosperity_ore":19,"minecraft:netherrack":587,"minecraft:oak_leaves":14,"minecraft:nether_gold_ore":36,"mysticalagriculture:prosperity_ore":11,"minecraft:tuff":2,"alltheores:zinc_ore":106,"minecraft:deepslate_diamond_ore":11,"mekanism:deepslate_osmium_ore":3,"minecraft:spruce_leaves":2,"alltheores:deepslate_tin_ore":57,"minecraft:large_fern":17,"minecraft:furnace":5,"minecraft:gold_block":18,"mekanism:basic_fluid_tank":5,"minecraft:bell":1,"minecraft:bookshelf":1,"alltheores:deepslate_platinum_ore":58,"minecraft:deepslate_iron_ore":131,"biomesoplenty:spider_egg":3,"minecraft:stone":252,"minecraft:podzol":19,"pipez:item_pipe":16,"minecraft:crafting_table":13,"alltheores:nether_aluminum_ore":3,"minecraft:rose_bush":4,"minecraft:sculk_sensor":2,"biomesoplenty:sprout":15,"minecraft:lapis_ore":3,"minecraft:sculk":320,"thermal:deepslate_silver_ore":6,"minecraft:coal_ore":107,"biomesoplenty:redwood_leaves":1,"ad_astra:coal_generator":1,"minecraft:lodestone":1,"biomesoplenty:redwood_wood":139},"minecraft:used":{"minecraft:chest":16,"spartanweaponry:diamond_rapier":401,"minecraft:bow":277,"minecraft:furnace":10,"biomesoplenty:flesh":41,"minecraft:wooden_pickaxe":59,"mob_grinding_utils:tinted_glass":67,"projecte:transmutation_table":1,"mob_grinding_utils:fan":6,"minecraft:enchanting_table":2,"minecraft:stone_sword":44,"minecraft:cooked_salmon":60,"minecraft:netherrack":179,"minecraft:torch":115,"minecraft:anvil":2,"minecraft:iron_axe":42,"biomesoplenty:redwood_wood":68,"easy_villagers:trader":2,"minecraft:barrel":3,"minecraft:diamond_chestplate":2,"biomesoplenty:blood_bucket":134,"minecraft:cobbled_deepslate":1,"minecraft:pointed_dripstone":1,"minecraft:water_bucket":23,"easy_villagers:farmer":2,"minecraft:polished_blackstone_bricks":20,"minecraft:crafting_table":13,"minecraft:white_bed":7,"iceandfire:tide_purple_leggings":1,"minecraft:diamond_pickaxe":2983,"minecraft:diamond_shovel":71,"minecraft:iron_pickaxe":500,"mob_grinding_utils:absorption_hopper":1,"minecraft:spruce_trapdoor":6,"minecraft:cobblestone":102,"minecraft:cooked_porkchop":46,"easy_villagers:breeder":3,"mekanism:basic_fluid_tank":6,"minecraft:shield":26,"minecraft:iron_sword":97,"thermal:machine_bottler":2,"minecraft:iron_chestplate":1,"minecraft:obsidian":14,"sophisticatedbackpacks:diamond_backpack":1,"minecraft:iron_helmet":1,"minecraft:stone_bricks":159,"minecraft:redstone_lamp":1,"pipez:item_pipe":19,"minecraft:skeleton_skull":1,"minecraft:diamond_boots":2,"minecraft:stone_pickaxe":133,"minecraft:oak_planks":3,"thermal:machine_centrifuge":2,"minecraft:ender_pearl":1,"minecraft:redstone_block":4,"minecraft:diamond_axe":115,"minecraft:white_wool":3,"minecraft:crossbow":8,"minecraft:dripstone_block":1,"spartanweaponry:diamond_saber":441,"enderio:dark_steel_sword":12,"mob_grinding_utils:saw":1,"waystones:waystone":1,"minecraft:lever":1,"spartanweaponry:iron_saber":159,"minecraft:bread":2,"minecraft:gravel":26,"farmersdelight:ham":2,"nethersdelight:hoglin_sirloin":5,"minecraft:andesite":2,"minecraft:golden_pickaxe":32,"spartanweaponry:iron_scythe":2,"minecraft:experience_bottle":28,"spartanweaponry:cestus":90,"minecraft:flint_and_steel":10,"minecraft:stone_shovel":102,"biomesoplenty:redwood_planks":36,"minecraft:dirt":119,"minecraft:hopper":2,"minecraft:bookshelf":28,"mob_grinding_utils:rotten_egg":1,"spartanweaponry:iron_rapier":154,"minecraft:golden_carrot":44,"easy_villagers:incubator":2,"minecraft:cooked_beef":10,"ad_astra:coal_generator":2,"minecraft:iron_leggings":3,"minecraft:cooked_mutton":16,"mob_grinding_utils:dreadful_dirt":19,"farmersdelight:smoked_ham":2,"minecraft:cracked_polished_blackstone_bricks":4,"biomesoplenty:porous_flesh":26,"minecraft:golden_leggings":2,"projecte:philosophers_stone":12,"minecraft:bucket":159},"minecraft:crafted":{"bigreactors:graphite_ingot":7,"pipez:wrench":1,"mob_grinding_utils:gm_chicken_feed_cursed":1,"minecraft:blaze_powder":2,"iceandfire:tide_purple_leggings":1,"pipez:item_pipe":16,"industrialforegoing:iron_gear":1,"projecte:red_matter_block":1,"easy_villagers:incubator":1,"minecraft:lever":1,"minecraft:diamond_shovel":1,"minecraft:bookshelf":21,"minecraft:cooked_mutton":28,"thermal:machine_frame":2,"iceandfire:tide_purple_chestplate":1,"minecraft:glass":1,"projecte:dark_matter_block":1,"minecraft:diamond_helmet":1,"minecraft:diamond_leggings":1,"projecte:transmutation_table":1,"easy_villagers:trader":1,"mob_grinding_utils:tinted_glass":48,"spartanweaponry:iron_saber":1,"projecte:dark_matter":1,"minecraft:redstone_lamp":1,"minecraft:emerald":28,"minecraft:cooked_porkchop":7,"projecte:red_matter":1,"minecraft:diamond_axe":1,"projecte:philosophers_stone":1,"minecraft:copper_ingot":4,"mob_grinding_utils:fan_upgrade_width":3,"minecraft:lectern":1,"naturescompass:naturescompass":1,"minecraft:stone_slab":6,"minecraft:compass":3,"minecraft:iron_pickaxe":2,"minecraft:iron_block":1,"minecraft:gold_ingot":288,"alltheores:constantan_gear":16,"thermal:machine_centrifuge":1,"minecraft:stone_shovel":1,"minecraft:iron_nugget":32,"minecraft:experience_bottle":36,"alltheores:copper_gear":1,"refinedstorage:cover":54,"thermal:constantan_dust":116,"alltheores:copper_ore_hammer":1,"minecraft:stone_pickaxe":1,"minecraft:redstone_block":2,"alltheores:nickel_dust":298,"minecraft:coal_block":2,"easy_villagers:farmer":1,"minecraft:enchanting_table":1,"biomesoplenty:redwood_planks":124,"sophisticatedbackpacks:gold_backpack":1,"mob_grinding_utils:saw":1,"minecraft:glowstone":4,"minecraft:enchanted_book":14,"minecraft:iron_leggings":1,"ad_astra:coal_generator":1,"minecraft:white_bed":4,"mob_grinding_utils:fan":1,"minecraft:oak_planks":164,"minecraft:barrel":1,"alltheores:copper_dust":58,"iceandfire:tide_purple_boots":1,"biomesoplenty:redwood_slab":6,"minecraft:stone":8,"alltheores:tin_ingot":64,"iceandfire:tide_purple_helmet":1,"nethersdelight:hoglin_sirloin":24,"minecraft:hopper":1,"minecraft:iron_boots":2,"alltheores:silver_ingot":50,"minecraft:chest":11,"minecraft:copper_block":2,"mekanism:basic_fluid_tank":1,"mob_grinding_utils:absorption_hopper":1,"minecraft:ender_eye":1,"minecraft:stone_bricks":64,"minecraft:dropper":9,"sophisticatedbackpacks:backpack":2,"minecraft:crafting_table":2,"minecraft:spruce_planks":16,"projecte:mobius_fuel":16,"minecraft:wooden_pickaxe":1,"minecraft:iron_helmet":2,"spartanweaponry:iron_rapier":1,"minecraft:brewing_stand":1,"minecraft:spruce_trapdoor":4,"minecraft:iron_chestplate":2,"minecraft:diamond_pickaxe":2,"sophisticatedbackpacks:diamond_backpack":1,"minecraft:stick":64,"minecraft:iron_ingot":74,"minecraft:stone_sword":1,"alltheores:raw_uranium":9,"minecraft:redstone":9,"minecraft:furnace":6,"minecraft:glass_pane":160,"spartanweaponry:diamond_rapier":1,"minecraft:diamond_block":1,"minecraft:flint_and_steel":2,"projecte:aeternalis_fuel":16,"minecraft:iron_axe":1,"thermal:constantan_ingot":52,"minecraft:netherite_scrap":4,"alltheores:tin_gear":16,"sophisticatedbackpacks:iron_backpack":2,"minecraft:cooked_beef":7,"create:andesite_alloy":64,"alltheores:nickel_ingot":15,"alltheores:raw_nickel":45,"mob_grinding_utils:spikes":1,"minecraft:iron_sword":6,"spartanweaponry:handle":4,"minecraft:cooked_salmon":11,"minecraft:bucket":1,"minecraft:air":0,"minecraft:jungle_planks":24,"iceandfire:sea_serpent_arrow":84,"projecte:alchemical_coal":14,"minecraft:white_wool":3,"thermal:machine_bottler":1,"mob_grinding_utils:fan_upgrade_speed":1,"alltheores:raw_platinum":18,"mekanism:raw_uranium":18,"easy_villagers:breeder":1,"spartanweaponry:diamond_saber":1,"minecraft:anvil":1,"minecraft:torch":136,"thermal:rf_coil":2,"minecraft:lapis_lazuli":12,"minecraft:diamond_chestplate":1},"minecraft:custom":{"minecraft:interact_with_crafting_table":176,"minecraft:open_barrel":58,"minecraft:leave_game":6,"minecraft:time_since_death":99561,"minecraft:damage_blocked_by_shield":1985,"minecraft:play_time":776738,"minecraft:deaths":18,"minecraft:jump":10920,"minecraft:interact_with_furnace":132,"minecraft:traded_with_villager":94,"minecraft:sleep_in_bed":14,"minecraft:waystone_activated":1,"minecraft:damage_dealt":59741,"minecraft:interact_with_anvil":7,"minecraft:inspect_hopper":19,"minecraft:sneak_time":16073,"minecraft:total_world_time":776738,"minecraft:time_since_rest":2602,"minecraft:swim_one_cm":119012,"minecraft:fly_one_cm":1754596,"minecraft:open_chest":264,"minecraft:fall_one_cm":351890,"minecraft:damage_resisted":0,"minecraft:sprint_one_cm":1167083,"minecraft:drop":174,"minecraft:talked_to_villager":4,"minecraft:walk_on_water_one_cm":79708,"minecraft:crouch_one_cm":45079,"minecraft:mob_kills":329,"minecraft:damage_dealt_resisted":0,"minecraft:climb_one_cm":4449,"minecraft:walk_one_cm":1431085,"minecraft:walk_under_water_one_cm":72238,"spartanshields:shield_bash_hits":1,"minecraft:damage_taken":17868,"minecraft:trigger_trapped_chest":2}},"DataVersion":3465}