{
  "minecraft:recipes/decorations/crafting_table": {
    "criteria": {
      "unlock_right_away": "2024-08-19 04:30:39 +0000"
    },
    "done": true
  },
  "minecraft:adventure/adventuring_time": {
    "criteria": {
      "minecraft:bamboo_jungle": "2024-08-19 04:33:28 +0000",
      "minecraft:wooded_badlands": "2024-08-19 04:30:41 +0000",
      "minecraft:badlands": "2024-08-19 04:38:28 +0000",
      "minecraft:sparse_jungle": "2024-08-19 04:34:12 +0000",
      "minecraft:river": "2024-08-20 22:56:41 +0000",
      "minecraft:lush_caves": "2024-08-20 22:58:28 +0000",
      "minecraft:jungle": "2024-08-19 04:33:45 +0000"
    },
    "done": false
  },
  "minecraft:recipes/misc/melon_seeds": {
    "criteria": {
      "has_melon": "2024-08-19 04:34:37 +0000"
    },
    "done": true
  },
  "minecraft:recipes/brewing/glistering_melon_slice": {
    "criteria": {
      "has_melon": "2024-08-19 04:34:37 +0000"
    },
    "done": true
  },
  "minecraft:recipes/building_blocks/melon": {
    "criteria": {
      "has_melon": "2024-08-19 04:34:37 +0000"
    },
    "done": true
  },
  "minecraft:recipes/decorations/ladder": {
    "criteria": {
      "has_stick": "2024-08-19 04:36:17 +0000"
    },
    "done": true
  },
  "minecraft:recipes/decorations/campfire": {
    "criteria": {
      "has_stick": "2024-08-19 04:36:17 +0000"
    },
    "done": true
  },
  "minecraft:recipes/tools/wooden_hoe": {
    "criteria": {
      "has_stick": "2024-08-19 04:36:17 +0000"
    },
    "done": true
  },
  "minecraft:recipes/tools/wooden_pickaxe": {
    "criteria": {
      "has_stick": "2024-08-19 04:36:17 +0000"
    },
    "done": true
  },
  "minecraft:recipes/tools/wooden_axe": {
    "criteria": {
      "has_stick": "2024-08-19 04:36:17 +0000"
    },
    "done": true
  },
  "minecraft:recipes/tools/wooden_shovel": {
    "criteria": {
      "has_stick": "2024-08-19 04:36:17 +0000"
    },
    "done": true
  },
  "minecraft:recipes/combat/wooden_sword": {
    "criteria": {
      "has_stick": "2024-08-19 04:36:17 +0000"
    },
    "done": true
  },
  "minecraft:husbandry/balanced_diet": {
    "criteria": {
      "melon_slice": "2024-08-19 04:36:20 +0000"
    },
    "done": false
  },
  "minecraft:husbandry/root": {
    "criteria": {
      "consumed_item": "2024-08-19 04:36:20 +0000"
    },
    "done": true
  },
  "farmersdelight:recipes/food/melon_popsicle": {
    "criteria": {
      "has_melon": "2024-08-20 22:49:32 +0000"
    },
    "done": true
  },
  "create:root": {
    "criteria": {
      "0": "2024-08-20 22:49:32 +0000"
    },
    "done": true
  },
  "enderio:recipes/misc/wood_gear": {
    "criteria": {
      "has_ingredient": "2024-08-20 22:49:32 +0000"
    },
    "done": true
  },
  "spartanweaponry:recipes/combat/pole_from_wool": {
    "criteria": {
      "has_stick": "2024-08-20 22:49:32 +0000"
    },
    "done": true
  },
  "spartanweaponry:recipes/combat/handle_from_wool": {
    "criteria": {
      "has_stick": "2024-08-20 22:49:32 +0000"
    },
    "done": true
  },
  "spartanweaponry:recipes/combat/pole_from_string": {
    "criteria": {
      "has_stick": "2024-08-20 22:49:32 +0000"
    },
    "done": true
  },
  "farmersdelight:recipes/food/melon_juice": {
    "criteria": {
      "has_melon_slice": "2024-08-20 22:49:32 +0000"
    },
    "done": true
  },
  "spartanweaponry:recipes/combat/pole_from_leather": {
    "criteria": {
      "has_stick": "2024-08-20 22:49:32 +0000"
    },
    "done": true
  },
  "spartanweaponry:recipes/combat/handle_from_leather": {
    "criteria": {
      "has_stick": "2024-08-20 22:49:32 +0000"
    },
    "done": true
  },
  "enderio:recipes/misc/wood_gear_corner": {
    "criteria": {
      "has_ingredient": "2024-08-20 22:49:32 +0000"
    },
    "done": true
  },
  "ae2:recipes/misc/network/blocks/crank": {
    "criteria": {
      "has_stick": "2024-08-20 22:49:32 +0000"
    },
    "done": true
  },
  "farmersdelight:recipes/combat/flint_knife": {
    "criteria": {
      "has_stick": "2024-08-20 22:49:32 +0000"
    },
    "done": true
  },
  "farmersdelight:main/root": {
    "criteria": {
      "seeds": "2024-08-20 22:49:32 +0000"
    },
    "done": true
  },
  "spartanweaponry:recipes/combat/simple_handle": {
    "criteria": {
      "has_stick": "2024-08-20 22:49:32 +0000"
    },
    "done": true
  },
  "farmersdelight:recipes/decorations/cutting_board": {
    "criteria": {
      "has_stick": "2024-08-20 22:49:32 +0000"
    },
    "done": true
  },
  "mekanism:root": {
    "criteria": {
      "automatic": "2024-08-20 22:49:33 +0000"
    },
    "done": true
  },
  "iceandfire:iceandfire/root": {
    "criteria": {
      "tick": "2024-08-20 22:49:33 +0000"
    },
    "done": true
  },
  "betterdungeons:root": {
    "criteria": {
      "always": "2024-08-20 22:49:33 +0000"
    },
    "done": true
  },
  "betterdeserttemples:root": {
    "criteria": {
      "always": "2024-08-20 22:49:33 +0000"
    },
    "done": true
  },
  "apotheosis:give_book": {
    "criteria": {
      "tick": "2024-08-20 22:49:33 +0000"
    },
    "done": true
  },
  "spartanweaponry:recipes/wooden_club": {
    "criteria": {
      "has_wood_log": "2024-08-20 22:53:06 +0000"
    },
    "done": true
  },
  "naturescompass:natures_compass_sapling": {
    "criteria": {
      "has_recipe": "2024-08-20 22:53:06 +0000"
    },
    "done": true
  },
  "minecraft:recipes/building_blocks/oak_planks": {
    "criteria": {
      "has_logs": "2024-08-20 22:53:06 +0000"
    },
    "done": true
  },
  "naturescompass:natures_compass": {
    "criteria": {
      "has_recipe": "2024-08-20 22:53:06 +0000"
    },
    "done": true
  },
  "minecraft:recipes/misc/charcoal": {
    "criteria": {
      "has_log": "2024-08-20 22:53:06 +0000"
    },
    "done": true
  },
  "naturescompass:natures_compass_log": {
    "criteria": {
      "has_log": "2024-08-20 22:53:06 +0000"
    },
    "done": true
  },
  "minecraft:recipes/building_blocks/oak_wood": {
    "criteria": {
      "has_log": "2024-08-20 22:53:06 +0000"
    },
    "done": true
  },
  "enderio:recipes/misc/stick": {
    "criteria": {
      "has_ingredient": "2024-08-20 22:53:06 +0000"
    },
    "done": true
  },
  "spartanshields:recipes/wooden_basic_shield": {
    "criteria": {
      "has_planks": "2024-08-20 22:53:43 +0000"
    },
    "done": true
  },
  "minecraft:recipes/misc/stick": {
    "criteria": {
      "has_planks": "2024-08-20 22:53:43 +0000"
    },
    "done": true
  },
  "spartanweaponry:recipes/wooden_saber": {
    "criteria": {
      "has_wood": "2024-08-20 22:53:43 +0000"
    },
    "done": true
  },
  "spartanweaponry:recipes/wooden_javelin": {
    "criteria": {
      "has_wood": "2024-08-20 22:53:43 +0000"
    },
    "done": true
  },
  "spartanweaponry:recipes/wooden_quarterstaff": {
    "criteria": {
      "has_wood": "2024-08-20 22:53:43 +0000"
    },
    "done": true
  },
  "minecraft:recipes/building_blocks/oak_slab": {
    "criteria": {
      "has_planks": "2024-08-20 22:53:43 +0000"
    },
    "done": true
  },
  "spartanweaponry:recipes/wooden_greatsword": {
    "criteria": {
      "has_wood": "2024-08-20 22:53:43 +0000"
    },
    "done": true
  },
  "minecraft:recipes/redstone/oak_door": {
    "criteria": {
      "has_planks": "2024-08-20 22:53:43 +0000"
    },
    "done": true
  },
  "spartanweaponry:recipes/wooden_throwing_knife": {
    "criteria": {
      "has_wood": "2024-08-20 22:53:43 +0000"
    },
    "done": true
  },
  "spartanweaponry:recipes/wooden_flanged_mace": {
    "criteria": {
      "has_wood": "2024-08-20 22:53:43 +0000"
    },
    "done": true
  },
  "minecraft:recipes/redstone/oak_trapdoor": {
    "criteria": {
      "has_planks": "2024-08-20 22:53:43 +0000"
    },
    "done": true
  },
  "spartanweaponry:recipes/wooden_lance": {
    "criteria": {
      "has_wood": "2024-08-20 22:53:43 +0000"
    },
    "done": true
  },
  "spartanweaponry:recipes/wooden_longsword": {
    "criteria": {
      "has_wood": "2024-08-20 22:53:43 +0000"
    },
    "done": true
  },
  "spartanshields:recipes/wooden_tower_shield": {
    "criteria": {
      "has_planks": "2024-08-20 22:53:43 +0000"
    },
    "done": true
  },
  "iceandfire:recipes/misc/earplugs": {
    "criteria": {
      "has_item": "2024-08-20 22:53:43 +0000"
    },
    "done": true
  },
  "spartanweaponry:recipes/wooden_katana": {
    "criteria": {
      "has_wood": "2024-08-20 22:53:43 +0000"
    },
    "done": true
  },
  "spartanweaponry:recipes/wooden_battleaxe": {
    "criteria": {
      "has_wood": "2024-08-20 22:53:43 +0000"
    },
    "done": true
  },
  "spartanweaponry:recipes/wooden_battle_hammer": {
    "criteria": {
      "has_wood": "2024-08-20 22:53:43 +0000"
    },
    "done": true
  },
  "spartanweaponry:recipes/wooden_dagger": {
    "criteria": {
      "has_wood": "2024-08-20 22:53:43 +0000"
    },
    "done": true
  },
  "minecraft:recipes/redstone/oak_pressure_plate": {
    "criteria": {
      "has_planks": "2024-08-20 22:53:43 +0000"
    },
    "done": true
  },
  "spartanweaponry:recipes/wooden_tomahawk": {
    "criteria": {
      "has_wood": "2024-08-20 22:53:43 +0000"
    },
    "done": true
  },
  "spartanweaponry:recipes/wooden_scythe": {
    "criteria": {
      "has_wood": "2024-08-20 22:53:43 +0000"
    },
    "done": true
  },
  "minecraft:recipes/decorations/oak_sign": {
    "criteria": {
      "has_planks": "2024-08-20 22:53:43 +0000"
    },
    "done": true
  },
  "spartanweaponry:recipes/wooden_spear": {
    "criteria": {
      "has_wood": "2024-08-20 22:53:43 +0000"
    },
    "done": true
  },
  "spartanweaponry:recipes/wooden_warhammer": {
    "criteria": {
      "has_wood": "2024-08-20 22:53:43 +0000"
    },
    "done": true
  },
  "minecraft:recipes/redstone/oak_fence_gate": {
    "criteria": {
      "has_planks": "2024-08-20 22:53:43 +0000"
    },
    "done": true
  },
  "spartanweaponry:recipes/wooden_parrying_dagger": {
    "criteria": {
      "has_wood": "2024-08-20 22:53:43 +0000"
    },
    "done": true
  },
  "spartanweaponry:recipes/wooden_rapier": {
    "criteria": {
      "has_wood": "2024-08-20 22:53:43 +0000"
    },
    "done": true
  },
  "spartanweaponry:recipes/wooden_boomerang": {
    "criteria": {
      "has_wood": "2024-08-20 22:53:43 +0000"
    },
    "done": true
  },
  "minecraft:recipes/decorations/barrel": {
    "criteria": {
      "has_planks": "2024-08-20 22:53:43 +0000"
    },
    "done": true
  },
  "spartanweaponry:recipes/wooden_longbow": {
    "criteria": {
      "has_wood": "2024-08-20 22:53:43 +0000"
    },
    "done": true
  },
  "spartanweaponry:recipes/wooden_glaive": {
    "criteria": {
      "has_wood": "2024-08-20 22:53:43 +0000"
    },
    "done": true
  },
  "spartanweaponry:recipes/wooden_pike": {
    "criteria": {
      "has_wood": "2024-08-20 22:53:43 +0000"
    },
    "done": true
  },
  "minecraft:recipes/building_blocks/oak_stairs": {
    "criteria": {
      "has_planks": "2024-08-20 22:53:43 +0000"
    },
    "done": true
  },
  "minecraft:recipes/decorations/oak_fence": {
    "criteria": {
      "has_planks": "2024-08-20 22:53:43 +0000"
    },
    "done": true
  },
  "spartanweaponry:recipes/wooden_halberd": {
    "criteria": {
      "has_wood": "2024-08-20 22:53:43 +0000"
    },
    "done": true
  },
  "minecraft:recipes/redstone/oak_button": {
    "criteria": {
      "has_planks": "2024-08-20 22:53:43 +0000"
    },
    "done": true
  },
  "spartanweaponry:recipes/wooden_heavy_crossbow": {
    "criteria": {
      "has_wood": "2024-08-20 22:53:43 +0000"
    },
    "done": true
  },
  "create:recipes/building_blocks/oak_window": {
    "criteria": {
      "has_ingredient": "2024-08-20 22:53:43 +0000"
    },
    "done": true
  },
  "minecraft:recipes/decorations/light_gray_glazed_terracotta": {
    "criteria": {
      "has_light_gray_terracotta": "2024-08-20 22:56:08 +0000"
    },
    "done": true
  },
  "biomesoplenty:recipes/transportation/willow_boat": {
    "criteria": {
      "in_water": "2024-08-20 22:56:30 +0000"
    },
    "done": true
  },
  "minecraft:recipes/transportation/cherry_boat": {
    "criteria": {
      "in_water": "2024-08-20 22:56:30 +0000"
    },
    "done": true
  },
  "biomesoplenty:recipes/transportation/dead_boat": {
    "criteria": {
      "in_water": "2024-08-20 22:56:30 +0000"
    },
    "done": true
  },
  "biomesoplenty:recipes/transportation/magic_boat": {
    "criteria": {
      "in_water": "2024-08-20 22:56:30 +0000"
    },
    "done": true
  },
  "minecraft:recipes/transportation/acacia_boat": {
    "criteria": {
      "in_water": "2024-08-20 22:56:30 +0000"
    },
    "done": true
  },
  "minecraft:recipes/transportation/jungle_boat": {
    "criteria": {
      "in_water": "2024-08-20 22:56:30 +0000"
    },
    "done": true
  },
  "biomesoplenty:recipes/transportation/fir_boat": {
    "criteria": {
      "in_water": "2024-08-20 22:56:30 +0000"
    },
    "done": true
  },
  "minecraft:recipes/transportation/spruce_boat": {
    "criteria": {
      "in_water": "2024-08-20 22:56:30 +0000"
    },
    "done": true
  },
  "biomesoplenty:recipes/transportation/redwood_boat": {
    "criteria": {
      "in_water": "2024-08-20 22:56:30 +0000"
    },
    "done": true
  },
  "minecraft:recipes/transportation/mangrove_boat": {
    "criteria": {
      "in_water": "2024-08-20 22:56:30 +0000"
    },
    "done": true
  },
  "biomesoplenty:recipes/transportation/hellbark_boat": {
    "criteria": {
      "in_water": "2024-08-20 22:56:30 +0000"
    },
    "done": true
  },
  "biomesoplenty:recipes/transportation/jacaranda_boat": {
    "criteria": {
      "in_water": "2024-08-20 22:56:30 +0000"
    },
    "done": true
  },
  "biomesoplenty:recipes/transportation/palm_boat": {
    "criteria": {
      "in_water": "2024-08-20 22:56:30 +0000"
    },
    "done": true
  },
  "minecraft:recipes/transportation/dark_oak_boat": {
    "criteria": {
      "in_water": "2024-08-20 22:56:30 +0000"
    },
    "done": true
  },
  "biomesoplenty:recipes/transportation/umbran_boat": {
    "criteria": {
      "in_water": "2024-08-20 22:56:30 +0000"
    },
    "done": true
  },
  "minecraft:recipes/transportation/bamboo_raft": {
    "criteria": {
      "in_water": "2024-08-20 22:56:30 +0000"
    },
    "done": true
  },
  "minecraft:recipes/transportation/birch_boat": {
    "criteria": {
      "in_water": "2024-08-20 22:56:30 +0000"
    },
    "done": true
  },
  "minecraft:recipes/transportation/oak_boat": {
    "criteria": {
      "in_water": "2024-08-20 22:56:30 +0000"
    },
    "done": true
  },
  "biomesoplenty:recipes/transportation/mahogany_boat": {
    "criteria": {
      "in_water": "2024-08-20 22:56:30 +0000"
    },
    "done": true
  },
  "rftoolsbase:recipes/rftoolsbase/crafting_card": {
    "criteria": {
      "crafter": "2024-08-20 22:56:59 +0000"
    },
    "done": true
  },
  "create:recipes/misc/crafting/appliances/crafting_blueprint": {
    "criteria": {
      "has_item": "2024-08-20 22:56:59 +0000"
    },
    "done": true
  },
  "minecraft:adventure/root": {
    "criteria": {
      "killed_by_something": "2024-08-20 22:56:59 +0000"
    },
    "done": true
  },
  "minecraft:story/root": {
    "criteria": {
      "crafting_table": "2024-08-20 22:56:59 +0000"
    },
    "done": true
  },
  "spartanweaponry:recipes/stone_glaive": {
    "criteria": {
      "has_cobblestone": "2024-08-20 22:58:14 +0000"
    },
    "done": true
  },
  "spartanweaponry:recipes/stone_longsword": {
    "criteria": {
      "has_cobblestone": "2024-08-20 22:58:14 +0000"
    },
    "done": true
  },
  "spartanweaponry:recipes/stone_battle_hammer": {
    "criteria": {
      "has_cobblestone": "2024-08-20 22:58:14 +0000"
    },
    "done": true
  },
  "spartanweaponry:recipes/stone_boomerang": {
    "criteria": {
      "has_cobblestone": "2024-08-20 22:58:14 +0000"
    },
    "done": true
  },
  "enderio:recipes/misc/stone_gear": {
    "criteria": {
      "has_ingredient": "2024-08-20 22:58:14 +0000"
    },
    "done": true
  },
  "spartanweaponry:recipes/stone_battleaxe": {
    "criteria": {
      "has_cobblestone": "2024-08-20 22:58:14 +0000"
    },
    "done": true
  },
  "minecraft:recipes/building_blocks/cobblestone_slab": {
    "criteria": {
      "has_cobblestone": "2024-08-20 22:58:14 +0000"
    },
    "done": true
  },
  "minecraft:recipes/decorations/cobblestone_wall_from_cobblestone_stonecutting": {
    "criteria": {
      "has_cobblestone": "2024-08-20 22:58:14 +0000"
    },
    "done": true
  },
  "spartanweaponry:recipes/stone_rapier": {
    "criteria": {
      "has_cobblestone": "2024-08-20 22:58:14 +0000"
    },
    "done": true
  },
  "minecraft:recipes/building_blocks/cobblestone_stairs": {
    "criteria": {
      "has_cobblestone": "2024-08-20 22:58:14 +0000"
    },
    "done": true
  },
  "minecraft:recipes/redstone/lever": {
    "criteria": {
      "has_cobblestone": "2024-08-20 22:58:14 +0000"
    },
    "done": true
  },
  "spartanweaponry:recipes/stone_saber": {
    "criteria": {
      "has_cobblestone": "2024-08-20 22:58:14 +0000"
    },
    "done": true
  },
  "spartanweaponry:recipes/stone_scythe": {
    "criteria": {
      "has_cobblestone": "2024-08-20 22:58:14 +0000"
    },
    "done": true
  },
  "minecraft:recipes/combat/stone_sword": {
    "criteria": {
      "has_cobblestone": "2024-08-20 22:58:14 +0000"
    },
    "done": true
  },
  "minecraft:recipes/decorations/cobblestone_wall": {
    "criteria": {
      "has_cobblestone": "2024-08-20 22:58:14 +0000"
    },
    "done": true
  },
  "minecraft:recipes/tools/stone_axe": {
    "criteria": {
      "has_cobblestone": "2024-08-20 22:58:14 +0000"
    },
    "done": true
  },
  "spartanshields:recipes/stone_basic_shield": {
    "criteria": {
      "has_cobblestone": "2024-08-20 22:58:14 +0000"
    },
    "done": true
  },
  "spartanweaponry:recipes/stone_lance": {
    "criteria": {
      "has_cobblestone": "2024-08-20 22:58:14 +0000"
    },
    "done": true
  },
  "spartanweaponry:recipes/stone_katana": {
    "criteria": {
      "has_cobblestone": "2024-08-20 22:58:14 +0000"
    },
    "done": true
  },
  "minecraft:story/mine_stone": {
    "criteria": {
      "get_stone": "2024-08-20 22:58:14 +0000"
    },
    "done": true
  },
  "minecraft:recipes/decorations/furnace": {
    "criteria": {
      "has_cobblestone": "2024-08-20 22:58:14 +0000"
    },
    "done": true
  },
  "spartanweaponry:recipes/stone_throwing_knife": {
    "criteria": {
      "has_cobblestone": "2024-08-20 22:58:14 +0000"
    },
    "done": true
  },
  "minecraft:recipes/building_blocks/cobblestone_slab_from_cobblestone_stonecutting": {
    "criteria": {
      "has_cobblestone": "2024-08-20 22:58:14 +0000"
    },
    "done": true
  },
  "minecraft:recipes/building_blocks/stone": {
    "criteria": {
      "has_cobblestone": "2024-08-20 22:58:14 +0000"
    },
    "done": true
  },
  "spartanweaponry:recipes/stone_tomahawk": {
    "criteria": {
      "has_cobblestone": "2024-08-20 22:58:14 +0000"
    },
    "done": true
  },
  "minecraft:recipes/tools/stone_pickaxe": {
    "criteria": {
      "has_cobblestone": "2024-08-20 22:58:14 +0000"
    },
    "done": true
  },
  "spartanweaponry:recipes/stone_spear": {
    "criteria": {
      "has_cobblestone": "2024-08-20 22:58:14 +0000"
    },
    "done": true
  },
  "minecraft:recipes/tools/stone_shovel": {
    "criteria": {
      "has_cobblestone": "2024-08-20 22:58:14 +0000"
    },
    "done": true
  },
  "spartanweaponry:recipes/stone_greatsword": {
    "criteria": {
      "has_cobblestone": "2024-08-20 22:58:14 +0000"
    },
    "done": true
  },
  "spartanweaponry:recipes/stone_parrying_dagger": {
    "criteria": {
      "has_cobblestone": "2024-08-20 22:58:14 +0000"
    },
    "done": true
  },
  "projecte:recipes/misc/low_covalence_dust": {
    "criteria": {
      "has_cobble": "2024-08-20 22:58:14 +0000"
    },
    "done": true
  },
  "spartanshields:recipes/stone_tower_shield": {
    "criteria": {
      "has_cobblestone": "2024-08-20 22:58:14 +0000"
    },
    "done": true
  },
  "spartanweaponry:recipes/stone_quarterstaff": {
    "criteria": {
      "has_cobblestone": "2024-08-20 22:58:14 +0000"
    },
    "done": true
  },
  "spartanweaponry:recipes/stone_flanged_mace": {
    "criteria": {
      "has_cobblestone": "2024-08-20 22:58:14 +0000"
    },
    "done": true
  },
  "spartanweaponry:recipes/stone_javelin": {
    "criteria": {
      "has_cobblestone": "2024-08-20 22:58:14 +0000"
    },
    "done": true
  },
  "spartanweaponry:recipes/stone_pike": {
    "criteria": {
      "has_cobblestone": "2024-08-20 22:58:14 +0000"
    },
    "done": true
  },
  "spartanweaponry:recipes/stone_warhammer": {
    "criteria": {
      "has_cobblestone": "2024-08-20 22:58:14 +0000"
    },
    "done": true
  },
  "minecraft:recipes/building_blocks/cobblestone_stairs_from_cobblestone_stonecutting": {
    "criteria": {
      "has_cobblestone": "2024-08-20 22:58:14 +0000"
    },
    "done": true
  },
  "spartanweaponry:recipes/stone_dagger": {
    "criteria": {
      "has_cobblestone": "2024-08-20 22:58:14 +0000"
    },
    "done": true
  },
  "spartanweaponry:recipes/stone_halberd": {
    "criteria": {
      "has_cobblestone": "2024-08-20 22:58:14 +0000"
    },
    "done": true
  },
  "minecraft:recipes/tools/stone_hoe": {
    "criteria": {
      "has_cobblestone": "2024-08-20 22:58:14 +0000"
    },
    "done": true
  },
  "minecraft:recipes/combat/leather_helmet": {
    "criteria": {
      "has_leather": "2024-08-20 23:11:53 +0000"
    },
    "done": true
  },
  "spartanweaponry:recipes/cestus": {
    "criteria": {
      "has_leather": "2024-08-20 23:11:53 +0000"
    },
    "done": true
  },
  "minecraft:recipes/building_blocks/jungle_wood": {
    "criteria": {
      "has_log": "2024-08-20 23:06:01 +0000"
    },
    "done": true
  },
  "minecraft:recipes/building_blocks/raw_iron_block": {
    "criteria": {
      "has_raw_iron": "2024-08-20 23:14:49 +0000"
    },
    "done": true
  },
  "minecraft:recipes/combat/leather_chestplate": {
    "criteria": {
      "has_leather": "2024-08-20 23:11:53 +0000"
    },
    "done": true
  },
  "minecraft:recipes/decorations/chest": {
    "criteria": {
      "has_lots_of_items": "2024-08-20 23:07:39 +0000"
    },
    "done": true
  },
  "minecraft:recipes/misc/leather_horse_armor": {
    "criteria": {
      "has_leather": "2024-08-20 23:11:53 +0000"
    },
    "done": true
  },
  "minecraft:recipes/building_blocks/lime_concrete_powder": {
    "criteria": {
      "has_gravel": "2024-08-20 23:23:29 +0000"
    },
    "done": true
  },
  "minecraft:recipes/building_blocks/magenta_concrete_powder": {
    "criteria": {
      "has_gravel": "2024-08-20 23:23:29 +0000"
    },
    "done": true
  },
  "minecraft:recipes/misc/iron_ingot_from_blasting_raw_iron": {
    "criteria": {
      "has_raw_iron": "2024-08-20 23:14:49 +0000"
    },
    "done": true
  },
  "minecraft:recipes/building_blocks/black_concrete_powder": {
    "criteria": {
      "has_gravel": "2024-08-20 23:23:29 +0000"
    },
    "done": true
  },
  "minecraft:recipes/combat/leather_boots": {
    "criteria": {
      "has_leather": "2024-08-20 23:11:53 +0000"
    },
    "done": true
  },
  "minecraft:recipes/building_blocks/cyan_concrete_powder": {
    "criteria": {
      "has_gravel": "2024-08-20 23:23:29 +0000"
    },
    "done": true
  },
  "spartanweaponry:recipes/leather_longbow": {
    "criteria": {
      "has_leather": "2024-08-20 23:11:53 +0000"
    },
    "done": true
  },
  "minecraft:recipes/building_blocks/pink_concrete_powder": {
    "criteria": {
      "has_gravel": "2024-08-20 23:23:29 +0000"
    },
    "done": true
  },
  "iceandfire:recipes/misc/blindfold": {
    "criteria": {
      "has_item": "2024-08-20 23:11:53 +0000"
    },
    "done": true
  },
  "minecraft:recipes/building_blocks/white_concrete_powder": {
    "criteria": {
      "has_gravel": "2024-08-20 23:23:29 +0000"
    },
    "done": true
  },
  "minecraft:recipes/misc/bone_meal": {
    "criteria": {
      "has_bone": "2024-08-20 23:27:44 +0000"
    },
    "done": true
  },
  "spartanweaponry:recipes/leather_heavy_crossbow": {
    "criteria": {
      "has_leather": "2024-08-20 23:11:53 +0000"
    },
    "done": true
  },
  "spartanweaponry:recipes/iron_arrow": {
    "criteria": {
      "has_feather": "2024-08-20 23:11:53 +0000"
    },
    "done": true
  },
  "spartanweaponry:recipes/wooden_arrow": {
    "criteria": {
      "has_feather": "2024-08-20 23:11:53 +0000"
    },
    "done": true
  },
  "minecraft:recipes/misc/iron_ingot_from_smelting_raw_iron": {
    "criteria": {
      "has_raw_iron": "2024-08-20 23:14:49 +0000"
    },
    "done": true
  },
  "spartanweaponry:recipes/quiver_compartment": {
    "criteria": {
      "has_leather": "2024-08-20 23:11:53 +0000"
    },
    "done": true
  },
  "minecraft:story/upgrade_tools": {
    "criteria": {
      "stone_pickaxe": "2024-08-20 23:09:07 +0000"
    },
    "done": true
  },
  "farmersdelight:recipes/cooking/bone_broth": {
    "criteria": {
      "has_bone": "2024-08-20 23:27:44 +0000"
    },
    "done": true
  },
  "sophisticatedbackpacks:recipes/misc/upgrade_base": {
    "criteria": {
      "has_leather": "2024-08-20 23:11:53 +0000"
    },
    "done": true
  },
  "minecraft:recipes/building_blocks/yellow_concrete_powder": {
    "criteria": {
      "has_gravel": "2024-08-20 23:23:29 +0000"
    },
    "done": true
  },
  "enderio:recipes/misc/conduit_binder_composite": {
    "criteria": {
      "has_ingredient_gravel": "2024-08-20 23:23:29 +0000"
    },
    "done": true
  },
  "minecraft:recipes/building_blocks/red_concrete_powder": {
    "criteria": {
      "has_gravel": "2024-08-20 23:23:29 +0000"
    },
    "done": true
  },
  "minecraft:recipes/building_blocks/green_concrete_powder": {
    "criteria": {
      "has_gravel": "2024-08-20 23:23:29 +0000"
    },
    "done": true
  },
  "minecraft:recipes/building_blocks/blue_concrete_powder": {
    "criteria": {
      "has_gravel": "2024-08-20 23:23:29 +0000"
    },
    "done": true
  },
  "sophisticatedbackpacks:recipes/misc/backpack": {
    "criteria": {
      "has_leather": "2024-08-20 23:11:53 +0000"
    },
    "done": true
  },
  "minecraft:recipes/building_blocks/orange_concrete_powder": {
    "criteria": {
      "has_gravel": "2024-08-20 23:23:29 +0000"
    },
    "done": true
  },
  "minecraft:recipes/decorations/item_frame": {
    "criteria": {
      "has_leather": "2024-08-20 23:11:53 +0000"
    },
    "done": true
  },
  "bigreactors:recipes/misc/blasting/graphite_from_coal": {
    "criteria": {
      "has_item": "2024-08-20 23:15:41 +0000"
    },
    "done": true
  },
  "sliceanddice:recipes/misc/slicer": {
    "criteria": {
      "has_tool": "2024-08-20 23:05:35 +0000"
    },
    "done": true
  },
  "spartanweaponry:recipes/bolt": {
    "criteria": {
      "has_feather": "2024-08-20 23:11:53 +0000"
    },
    "done": true
  },
  "spartanweaponry:recipes/copper_arrow": {
    "criteria": {
      "has_feather": "2024-08-20 23:11:53 +0000"
    },
    "done": true
  },
  "spartanweaponry:recipes/copper_bolt": {
    "criteria": {
      "has_feather": "2024-08-20 23:11:53 +0000"
    },
    "done": true
  },
  "bigreactors:recipes/misc/smelting/graphite_from_coal": {
    "criteria": {
      "has_item": "2024-08-20 23:15:41 +0000"
    },
    "done": true
  },
  "minecraft:recipes/building_blocks/purple_concrete_powder": {
    "criteria": {
      "has_gravel": "2024-08-20 23:23:29 +0000"
    },
    "done": true
  },
  "minecraft:recipes/building_blocks/coarse_dirt": {
    "criteria": {
      "has_gravel": "2024-08-20 23:23:29 +0000"
    },
    "done": true
  },
  "minecraft:recipes/building_blocks/light_gray_concrete_powder": {
    "criteria": {
      "has_gravel": "2024-08-20 23:23:29 +0000"
    },
    "done": true
  },
  "minecraft:recipes/combat/leather_leggings": {
    "criteria": {
      "has_leather": "2024-08-20 23:11:53 +0000"
    },
    "done": true
  },
  "minecraft:recipes/building_blocks/brown_concrete_powder": {
    "criteria": {
      "has_gravel": "2024-08-20 23:23:29 +0000"
    },
    "done": true
  },
  "minecraft:recipes/building_blocks/light_blue_concrete_powder": {
    "criteria": {
      "has_gravel": "2024-08-20 23:23:29 +0000"
    },
    "done": true
  },
  "minecraft:recipes/combat/arrow": {
    "criteria": {
      "has_feather": "2024-08-20 23:11:53 +0000"
    },
    "done": true
  },
  "spartanweaponry:recipes/diamond_bolt": {
    "criteria": {
      "has_feather": "2024-08-20 23:11:53 +0000"
    },
    "done": true
  },
  "spartanweaponry:recipes/small_arrow_quiver": {
    "criteria": {
      "has_arrow": "2024-08-20 23:27:44 +0000"
    },
    "done": true
  },
  "minecraft:recipes/building_blocks/coal_block": {
    "criteria": {
      "has_coal": "2024-08-20 23:15:41 +0000"
    },
    "done": true
  },
  "minecraft:recipes/decorations/torch": {
    "criteria": {
      "has_stone_pickaxe": "2024-08-20 23:09:07 +0000"
    },
    "done": true
  },
  "minecraft:recipes/building_blocks/jungle_planks": {
    "criteria": {
      "has_logs": "2024-08-20 23:06:01 +0000"
    },
    "done": true
  },
  "spartanweaponry:recipes/diamond_arrow": {
    "criteria": {
      "has_feather": "2024-08-20 23:11:53 +0000"
    },
    "done": true
  },
  "minecraft:recipes/building_blocks/gray_concrete_powder": {
    "criteria": {
      "has_gravel": "2024-08-20 23:23:29 +0000"
    },
    "done": true
  },
  "DataVersion": 3465
}