{
  "minecraft:recipes/misc/melon_seeds": {
    "criteria": {
      "has_melon": "2024-08-19 04:34:37 +0000"
    },
    "done": true
  },
  "minecraft:recipes/brewing/glistering_melon_slice": {
    "criteria": {
      "has_melon": "2024-08-19 04:34:37 +0000"
    },
    "done": true
  },
  "minecraft:recipes/building_blocks/melon": {
    "criteria": {
      "has_melon": "2024-08-19 04:34:37 +0000"
    },
    "done": true
  },
  "minecraft:recipes/decorations/crafting_table": {
    "criteria": {
      "unlock_right_away": "2024-08-19 04:30:39 +0000"
    },
    "done": true
  },
  "minecraft:adventure/adventuring_time": {
    "criteria": {
      "minecraft:bamboo_jungle": "2024-08-19 04:33:28 +0000",
      "minecraft:wooded_badlands": "2024-08-19 04:30:41 +0000",
      "minecraft:sparse_jungle": "2024-08-19 04:34:12 +0000",
      "minecraft:jungle": "2024-08-19 04:33:45 +0000"
    },
    "done": false
  },
  "DataVersion": 3465
}